#Columns,11,,,,,,,,,,
#Header_Rows,12,,,,,,,,,,
Field_Name,Sample_Name,IGSN,Material,Date,Wet_Sediment_Mass_g,Wet_Sediment_Mass_Added_Water_g,Dry_Sediment_Mass_g,Added_Water_Mass_g,Total_Water_Mass_g,62948_Gravimetric_Moisture_g_per_g,Methods_Deviation
Unit,N/A,N/A,N/A,YYYY-MM-DD,grams,grams,grams,grams,grams,grams_per_gram,N/A
Unit_Basis,N/A,N/A,N/A,as_Date,as_Wet_Sediment,as_Wet_Sediment,as_Dry_Sediment,as_Water,as_Water,as_grams_Water_per_gram_Dry_Sediment,N/A
MethodID_Analysis,N/A,N/A,N/A,INC_T_AN_008,INC_T_AN_008,INC_T_AN_008,INC_T_AN_008,INC_T_AN_008,INC_T_AN_008,INC_T_AN_008,N/A
MethodID_Inspection,N/A,N/A,N/A,INC_T_IN_008,INC_T_IN_008,INC_T_IN_008,INC_T_IN_008,INC_T_IN_008,INC_T_IN_008,INC_T_IN_008,N/A
MethodID_Storage,N/A,N/A,N/A,INC_T_ST_008,INC_T_ST_008,INC_T_ST_008,INC_T_ST_008,INC_T_ST_008,INC_T_ST_008,INC_T_ST_008,N/A
MethodID_Preservation,N/A,N/A,N/A,INC_T_PRES_008,INC_T_PRES_008,INC_T_PRES_008,INC_T_PRES_008,INC_T_PRES_008,INC_T_PRES_008,INC_T_PRES_008,N/A
MethodID_Preparation,N/A,N/A,N/A,INC_T_PREP_008,INC_T_PREP_008,INC_T_PREP_008,INC_T_PREP_008,INC_T_PREP_008,INC_T_PREP_008,INC_T_PREP_008,N/A
MethodID_DataProcessing,N/A,N/A,N/A,INC_T_DP_008,INC_T_DP_008,INC_T_DP_008,INC_T_DP_008,INC_T_DP_008,INC_T_DP_008,INC_T_DP_008,N/A
Analysis_DetectionLimit,-9999,-9999,-9999,-9999,-9999,-9999,-9999,-9999,-9999,-9999,N/A
Analysis_Precision,-9999,-9999,-9999,-9999,-9999,-9999,-9999,-9999,-9999,-9999,N/A
Data_Status,N/A,N/A,N/A,N/A,ready_to_use,ready_to_use,ready_to_use,ready_to_use,ready_to_use,ready_to_use,N/A
#Start_Data,EV_001_INC-D1,10.58052/IEWDR023A,Sediment, 2023-07-13,20.06,-9999,11.33,-9999,8.73,0.77,N/A
N/A,EV_001_INC-D1,10.58052/IEWDR023A,Sediment, 2023-07-14,19.91,-9999,11.33,-9999,8.58,0.76,N/A
N/A,EV_001_INC-D1,10.58052/IEWDR023A,Sediment, 2023-07-18,19.5,-9999,11.33,-9999,8.17,0.72,N/A
N/A,EV_001_INC-D1,10.58052/IEWDR023A,Sediment, 2023-07-21,19.25,-9999,11.33,-9999,7.92,0.7,N/A
N/A,EV_001_INC-D1,10.58052/IEWDR023A,Sediment, 2023-07-25,18.94,-9999,11.33,-9999,7.61,0.67,N/A
N/A,EV_001_INC-D1,10.58052/IEWDR023A,Sediment, 2023-07-28,18.64,-9999,11.33,-9999,7.31,0.64,N/A
N/A,EV_001_INC-D1,10.58052/IEWDR023A,Sediment, 2023-08-01,18.19,-9999,11.33,-9999,6.86,0.61,N/A
N/A,EV_001_INC-D2,10.58052/IEWDR023A,Sediment, 2023-07-13,19.96,-9999,11.28,-9999,8.68,0.77,N/A
N/A,EV_001_INC-D2,10.58052/IEWDR023A,Sediment, 2023-07-14,19.79,-9999,11.28,-9999,8.51,0.75,N/A
N/A,EV_001_INC-D2,10.58052/IEWDR023A,Sediment, 2023-07-18,19.25,-9999,11.28,-9999,7.97,0.71,N/A
N/A,EV_001_INC-D2,10.58052/IEWDR023A,Sediment, 2023-07-21,18.92,-9999,11.28,-9999,7.64,0.68,N/A
N/A,EV_001_INC-D2,10.58052/IEWDR023A,Sediment, 2023-07-25,18.56,-9999,11.28,-9999,7.28,0.65,N/A
N/A,EV_001_INC-D2,10.58052/IEWDR023A,Sediment, 2023-07-28,18.26,-9999,11.28,-9999,6.98,0.62,N/A
N/A,EV_001_INC-D2,10.58052/IEWDR023A,Sediment, 2023-08-01,17.83,-9999,11.28,-9999,6.55,0.58,N/A
N/A,EV_001_INC-D3,10.58052/IEWDR023A,Sediment, 2023-07-13,19.92,-9999,11.25,-9999,8.67,0.77,N/A
N/A,EV_001_INC-D3,10.58052/IEWDR023A,Sediment, 2023-07-14,19.77,-9999,11.25,-9999,8.52,0.76,N/A
N/A,EV_001_INC-D3,10.58052/IEWDR023A,Sediment, 2023-07-18,19.33,-9999,11.25,-9999,8.08,0.72,N/A
N/A,EV_001_INC-D3,10.58052/IEWDR023A,Sediment, 2023-07-21,19.04,-9999,11.25,-9999,7.79,0.69,N/A
N/A,EV_001_INC-D3,10.58052/IEWDR023A,Sediment, 2023-07-25,18.59,-9999,11.25,-9999,7.34,0.65,N/A
N/A,EV_001_INC-D3,10.58052/IEWDR023A,Sediment, 2023-07-28,18.18,-9999,11.25,-9999,6.93,0.62,N/A
N/A,EV_001_INC-D3,10.58052/IEWDR023A,Sediment, 2023-08-01,17.88,-9999,11.25,-9999,6.63,0.59,N/A
N/A,EV_001_INC-D4,10.58052/IEWDR023A,Sediment, 2023-07-13,19.91,-9999,11.25,-9999,8.66,0.77,N/A
N/A,EV_001_INC-D4,10.58052/IEWDR023A,Sediment, 2023-07-14,19.78,-9999,11.25,-9999,8.53,0.76,N/A
N/A,EV_001_INC-D4,10.58052/IEWDR023A,Sediment, 2023-07-18,19.32,-9999,11.25,-9999,8.07,0.72,N/A
N/A,EV_001_INC-D4,10.58052/IEWDR023A,Sediment, 2023-07-21,19.04,-9999,11.25,-9999,7.79,0.69,N/A
N/A,EV_001_INC-D4,10.58052/IEWDR023A,Sediment, 2023-07-25,18.67,-9999,11.25,-9999,7.42,0.66,N/A
N/A,EV_001_INC-D4,10.58052/IEWDR023A,Sediment, 2023-07-28,18.04,-9999,11.25,-9999,6.79,0.6,N/A
N/A,EV_001_INC-D4,10.58052/IEWDR023A,Sediment, 2023-08-01,17.55,-9999,11.25,-9999,6.3,0.56,N/A
N/A,EV_001_INC-D5,10.58052/IEWDR023A,Sediment,-9999,-9999,-9999,-9999,-9999,-9999,-9999,INC_Method_001
N/A,EV_001_INC-W1,10.58052/IEWDR023A,Sediment, 2023-07-13,19.96,23.04,11.28,3.08,11.76,1.04,N/A
N/A,EV_001_INC-W1,10.58052/IEWDR023A,Sediment, 2023-07-14,22.94,23.04,11.28,0.1,11.76,1.04,N/A
N/A,EV_001_INC-W1,10.58052/IEWDR023A,Sediment, 2023-07-18,22.62,23.03,11.28,0.41,11.75,1.04,N/A
N/A,EV_001_INC-W1,10.58052/IEWDR023A,Sediment, 2023-07-21,22.72,23.05,11.28,0.33,11.77,1.04,N/A
N/A,EV_001_INC-W1,10.58052/IEWDR023A,Sediment, 2023-07-25,22.67,23.04,11.28,0.37,11.76,1.04,N/A
N/A,EV_001_INC-W1,10.58052/IEWDR023A,Sediment, 2023-07-28,22.7,23.04,11.28,0.34,11.76,1.04,N/A
N/A,EV_001_INC-W1,10.58052/IEWDR023A,Sediment, 2023-08-01,22.6,23.04,11.28,0.44,11.76,1.04,N/A
N/A,EV_001_INC-W2,10.58052/IEWDR023A,Sediment, 2023-07-13,19.91,22.96,11.25,3.05,11.71,1.04,N/A
N/A,EV_001_INC-W2,10.58052/IEWDR023A,Sediment, 2023-07-14,22.83,22.96,11.25,0.13,11.71,1.04,N/A
N/A,EV_001_INC-W2,10.58052/IEWDR023A,Sediment, 2023-07-18,22.54,22.95,11.25,0.41,11.7,1.04,N/A
N/A,EV_001_INC-W2,10.58052/IEWDR023A,Sediment, 2023-07-21,22.63,22.97,11.25,0.34,11.72,1.04,N/A
N/A,EV_001_INC-W2,10.58052/IEWDR023A,Sediment, 2023-07-25,22.56,22.96,11.25,0.4,11.71,1.04,N/A
N/A,EV_001_INC-W2,10.58052/IEWDR023A,Sediment, 2023-07-28,22.6,22.96,11.25,0.36,11.71,1.04,N/A
N/A,EV_001_INC-W2,10.58052/IEWDR023A,Sediment, 2023-08-01,22.49,22.96,11.25,0.47,11.71,1.04,N/A
N/A,EV_001_INC-W3,10.58052/IEWDR023A,Sediment, 2023-07-13,20.03,23.06,11.32,3.03,11.74,1.04,N/A
N/A,EV_001_INC-W3,10.58052/IEWDR023A,Sediment, 2023-07-14,22.94,23.06,11.32,0.12,11.74,1.04,N/A
N/A,EV_001_INC-W3,10.58052/IEWDR023A,Sediment, 2023-07-18,22.69,23.05,11.32,0.36,11.73,1.04,N/A
N/A,EV_001_INC-W3,10.58052/IEWDR023A,Sediment, 2023-07-21,22.75,23.06,11.32,0.31,11.74,1.04,N/A
N/A,EV_001_INC-W3,10.58052/IEWDR023A,Sediment, 2023-07-25,22.67,23.07,11.32,0.4,11.75,1.04,N/A
N/A,EV_001_INC-W3,10.58052/IEWDR023A,Sediment, 2023-07-28,22.72,23.06,11.32,0.34,11.74,1.04,N/A
N/A,EV_001_INC-W3,10.58052/IEWDR023A,Sediment, 2023-08-01,22.56,23.06,11.32,0.5,11.74,1.04,N/A
N/A,EV_001_INC-W4,10.58052/IEWDR023A,Sediment, 2023-07-13,19.98,23.02,11.29,3.04,11.73,1.04,N/A
N/A,EV_001_INC-W4,10.58052/IEWDR023A,Sediment, 2023-07-14,22.91,23.01,11.29,0.1,11.72,1.04,N/A
N/A,EV_001_INC-W4,10.58052/IEWDR023A,Sediment, 2023-07-18,22.59,23.02,11.29,0.43,11.73,1.04,N/A
N/A,EV_001_INC-W4,10.58052/IEWDR023A,Sediment, 2023-07-21,22.67,23.02,11.29,0.35,11.73,1.04,N/A
N/A,EV_001_INC-W4,10.58052/IEWDR023A,Sediment, 2023-07-25,22.61,23.02,11.29,0.41,11.73,1.04,N/A
N/A,EV_001_INC-W4,10.58052/IEWDR023A,Sediment, 2023-07-28,22.76,23.02,11.29,0.26,11.73,1.04,N/A
N/A,EV_001_INC-W4,10.58052/IEWDR023A,Sediment, 2023-08-01,22.65,23.01,11.29,0.36,11.72,1.04,N/A
N/A,EV_001_INC-W5,10.58052/IEWDR023A,Sediment,-9999,-9999,-9999,-9999,-9999,-9999,-9999,INC_Method_001
N/A,EV_002_INC-D1,10.58052/IEWDR023B,Sediment, 2023-07-13,13.92,-9999,13.74,-9999,0.18,0.01,N/A
N/A,EV_002_INC-D1,10.58052/IEWDR023B,Sediment, 2023-07-14,13.89,-9999,13.74,-9999,0.15,0.01,N/A
N/A,EV_002_INC-D1,10.58052/IEWDR023B,Sediment, 2023-07-18,13.85,-9999,13.74,-9999,0.11,0.01,N/A
N/A,EV_002_INC-D1,10.58052/IEWDR023B,Sediment, 2023-07-21,13.84,-9999,13.74,-9999,0.1,0.01,N/A
N/A,EV_002_INC-D1,10.58052/IEWDR023B,Sediment, 2023-07-25,13.83,-9999,13.74,-9999,0.09,0.01,N/A
N/A,EV_002_INC-D1,10.58052/IEWDR023B,Sediment, 2023-07-28,13.82,-9999,13.74,-9999,0.08,0.01,N/A
N/A,EV_002_INC-D1,10.58052/IEWDR023B,Sediment, 2023-08-01,13.81,-9999,13.74,-9999,0.07,0.01,N/A
N/A,EV_002_INC-D2,10.58052/IEWDR023B,Sediment, 2023-07-13,14.09,-9999,13.9,-9999,0.19,0.01,N/A
N/A,EV_002_INC-D2,10.58052/IEWDR023B,Sediment, 2023-07-14,14.05,-9999,13.9,-9999,0.15,0.01,N/A
N/A,EV_002_INC-D2,10.58052/IEWDR023B,Sediment, 2023-07-18,14.01,-9999,13.9,-9999,0.11,0.01,N/A
N/A,EV_002_INC-D2,10.58052/IEWDR023B,Sediment, 2023-07-21,14,-9999,13.9,-9999,0.1,0.01,N/A
N/A,EV_002_INC-D2,10.58052/IEWDR023B,Sediment, 2023-07-25,13.99,-9999,13.9,-9999,0.09,0.01,N/A
N/A,EV_002_INC-D2,10.58052/IEWDR023B,Sediment, 2023-07-28,13.98,-9999,13.9,-9999,0.08,0.01,N/A
N/A,EV_002_INC-D2,10.58052/IEWDR023B,Sediment, 2023-08-01,13.98,-9999,13.9,-9999,0.08,0.01,N/A
N/A,EV_002_INC-D3,10.58052/IEWDR023B,Sediment, 2023-07-13,14.01,-9999,13.83,-9999,0.18,0.01,N/A
N/A,EV_002_INC-D3,10.58052/IEWDR023B,Sediment, 2023-07-14,13.98,-9999,13.83,-9999,0.15,0.01,N/A
N/A,EV_002_INC-D3,10.58052/IEWDR023B,Sediment, 2023-07-18,13.93,-9999,13.83,-9999,0.1,0.01,N/A
N/A,EV_002_INC-D3,10.58052/IEWDR023B,Sediment, 2023-07-21,13.92,-9999,13.83,-9999,0.09,0.01,N/A
N/A,EV_002_INC-D3,10.58052/IEWDR023B,Sediment, 2023-07-25,13.92,-9999,13.83,-9999,0.09,0.01,N/A
N/A,EV_002_INC-D3,10.58052/IEWDR023B,Sediment, 2023-07-28,13.9,-9999,13.83,-9999,0.07,0.01,N/A
N/A,EV_002_INC-D3,10.58052/IEWDR023B,Sediment, 2023-08-01,13.9,-9999,13.83,-9999,0.07,0.01,N/A
N/A,EV_002_INC-D4,10.58052/IEWDR023B,Sediment, 2023-07-13,13.96,-9999,13.78,-9999,0.18,0.01,N/A
N/A,EV_002_INC-D4,10.58052/IEWDR023B,Sediment, 2023-07-14,13.93,-9999,13.78,-9999,0.15,0.01,N/A
N/A,EV_002_INC-D4,10.58052/IEWDR023B,Sediment, 2023-07-18,13.88,-9999,13.78,-9999,0.1,0.01,N/A
N/A,EV_002_INC-D4,10.58052/IEWDR023B,Sediment, 2023-07-21,13.87,-9999,13.78,-9999,0.09,0.01,N/A
N/A,EV_002_INC-D4,10.58052/IEWDR023B,Sediment, 2023-07-25,13.87,-9999,13.78,-9999,0.09,0.01,N/A
N/A,EV_002_INC-D4,10.58052/IEWDR023B,Sediment, 2023-07-28,13.86,-9999,13.78,-9999,0.08,0.01,N/A
N/A,EV_002_INC-D4,10.58052/IEWDR023B,Sediment, 2023-08-01,13.85,-9999,13.78,-9999,0.07,0.01,N/A
N/A,EV_002_INC-D5,10.58052/IEWDR023B,Sediment, 2023-07-13,13.93,-9999,13.75,-9999,0.18,0.01,N/A
N/A,EV_002_INC-D5,10.58052/IEWDR023B,Sediment, 2023-07-14,13.9,-9999,13.75,-9999,0.15,0.01,N/A
N/A,EV_002_INC-D5,10.58052/IEWDR023B,Sediment, 2023-07-18,13.86,-9999,13.75,-9999,0.11,0.01,N/A
N/A,EV_002_INC-D5,10.58052/IEWDR023B,Sediment, 2023-07-21,13.85,-9999,13.75,-9999,0.1,0.01,N/A
N/A,EV_002_INC-D5,10.58052/IEWDR023B,Sediment, 2023-07-25,13.86,-9999,13.75,-9999,0.11,0.01,N/A
N/A,EV_002_INC-D5,10.58052/IEWDR023B,Sediment, 2023-07-28,13.83,-9999,13.75,-9999,0.08,0.01,N/A
N/A,EV_002_INC-D5,10.58052/IEWDR023B,Sediment, 2023-08-01,13.82,-9999,13.75,-9999,0.07,0.01,N/A
N/A,EV_002_INC-W1,10.58052/IEWDR023B,Sediment, 2023-07-13,14.06,25.05,13.88,10.99,11.17,0.81,N/A
N/A,EV_002_INC-W1,10.58052/IEWDR023B,Sediment, 2023-07-14,24.89,25.05,13.88,0.16,11.17,0.81,N/A
N/A,EV_002_INC-W1,10.58052/IEWDR023B,Sediment, 2023-07-18,24.58,25.05,13.88,0.47,11.17,0.81,N/A
N/A,EV_002_INC-W1,10.58052/IEWDR023B,Sediment, 2023-07-21,24.68,25.05,13.88,0.37,11.17,0.81,N/A
N/A,EV_002_INC-W1,10.58052/IEWDR023B,Sediment, 2023-07-25,24.58,25.06,13.88,0.48,11.19,0.81,N/A
N/A,EV_002_INC-W1,10.58052/IEWDR023B,Sediment, 2023-07-28,24.62,25.05,13.88,0.43,11.17,0.81,N/A
N/A,EV_002_INC-W1,10.58052/IEWDR023B,Sediment, 2023-08-01,24.7,25.05,13.88,0.35,11.17,0.81,N/A
N/A,EV_002_INC-W2,10.58052/IEWDR023B,Sediment, 2023-07-13,14.01,25.09,13.83,11.08,11.26,0.81,N/A
N/A,EV_002_INC-W2,10.58052/IEWDR023B,Sediment, 2023-07-14,24.98,25.08,13.83,0.1,11.25,0.81,N/A
N/A,EV_002_INC-W2,10.58052/IEWDR023B,Sediment, 2023-07-18,24.69,25.1,13.83,0.41,11.27,0.82,N/A
N/A,EV_002_INC-W2,10.58052/IEWDR023B,Sediment, 2023-07-21,24.79,25.09,13.83,0.3,11.26,0.81,N/A
N/A,EV_002_INC-W2,10.58052/IEWDR023B,Sediment, 2023-07-25,24.66,25.1,13.83,0.44,11.27,0.82,N/A
N/A,EV_002_INC-W2,10.58052/IEWDR023B,Sediment, 2023-07-28,24.7,25.09,13.83,0.39,11.26,0.81,N/A
N/A,EV_002_INC-W2,10.58052/IEWDR023B,Sediment, 2023-08-01,24.78,25.09,13.83,0.31,11.26,0.81,N/A
N/A,EV_002_INC-W3,10.58052/IEWDR023B,Sediment, 2023-07-13,14.05,25.06,13.87,11.01,11.19,0.81,N/A
N/A,EV_002_INC-W3,10.58052/IEWDR023B,Sediment, 2023-07-14,24.98,25.07,13.87,0.09,11.2,0.81,N/A
N/A,EV_002_INC-W3,10.58052/IEWDR023B,Sediment, 2023-07-18,24.74,25.05,13.87,0.31,11.18,0.81,N/A
N/A,EV_002_INC-W3,10.58052/IEWDR023B,Sediment, 2023-07-21,24.78,25.06,13.87,0.28,11.19,0.81,N/A
N/A,EV_002_INC-W3,10.58052/IEWDR023B,Sediment, 2023-07-25,24.67,25.06,13.87,0.39,11.19,0.81,N/A
N/A,EV_002_INC-W3,10.58052/IEWDR023B,Sediment, 2023-07-28,24.72,25.06,13.87,0.34,11.19,0.81,N/A
N/A,EV_002_INC-W3,10.58052/IEWDR023B,Sediment, 2023-08-01,24.58,25.05,13.87,0.47,11.18,0.81,N/A
N/A,EV_002_INC-W4,10.58052/IEWDR023B,Sediment, 2023-07-13,14.01,25.03,13.83,11.02,11.2,0.81,N/A
N/A,EV_002_INC-W4,10.58052/IEWDR023B,Sediment, 2023-07-14,24.92,25.03,13.83,0.11,11.2,0.81,N/A
N/A,EV_002_INC-W4,10.58052/IEWDR023B,Sediment, 2023-07-18,24.6,25.03,13.83,0.43,11.2,0.81,N/A
N/A,EV_002_INC-W4,10.58052/IEWDR023B,Sediment, 2023-07-21,24.71,25.03,13.83,0.32,11.2,0.81,N/A
N/A,EV_002_INC-W4,10.58052/IEWDR023B,Sediment, 2023-07-25,24.6,25.03,13.83,0.43,11.2,0.81,N/A
N/A,EV_002_INC-W4,10.58052/IEWDR023B,Sediment, 2023-07-28,24.65,25.03,13.83,0.38,11.2,0.81,N/A
N/A,EV_002_INC-W4,10.58052/IEWDR023B,Sediment, 2023-08-01,24.51,25.03,13.83,0.52,11.2,0.81,N/A
N/A,EV_002_INC-W5,10.58052/IEWDR023B,Sediment, 2023-07-13,14.05,25.04,13.87,10.99,11.17,0.81,N/A
N/A,EV_002_INC-W5,10.58052/IEWDR023B,Sediment, 2023-07-14,24.93,25.04,13.87,0.11,11.17,0.81,N/A
N/A,EV_002_INC-W5,10.58052/IEWDR023B,Sediment, 2023-07-18,24.66,25.04,13.87,0.38,11.17,0.81,N/A
N/A,EV_002_INC-W5,10.58052/IEWDR023B,Sediment, 2023-07-21,24.71,25.05,13.87,0.34,11.18,0.81,N/A
N/A,EV_002_INC-W5,10.58052/IEWDR023B,Sediment, 2023-07-25,24.66,25.05,13.87,0.39,11.18,0.81,N/A
N/A,EV_002_INC-W5,10.58052/IEWDR023B,Sediment, 2023-07-28,24.74,25.04,13.87,0.3,11.17,0.81,N/A
N/A,EV_002_INC-W5,10.58052/IEWDR023B,Sediment, 2023-08-01,24.54,25.04,13.87,0.5,11.17,0.81,N/A
N/A,EV_005_INC-D1,10.58052/IEWDR023C,Sediment, 2023-08-03,20.01,-9999,10.89,-9999,9.12,0.84,N/A
N/A,EV_005_INC-D1,10.58052/IEWDR023C,Sediment, 2023-08-04,19.81,-9999,10.89,-9999,8.92,0.82,N/A
N/A,EV_005_INC-D1,10.58052/IEWDR023C,Sediment, 2023-08-08,19.34,-9999,10.89,-9999,8.45,0.78,N/A
N/A,EV_005_INC-D1,10.58052/IEWDR023C,Sediment, 2023-08-11,18.99,-9999,10.89,-9999,8.1,0.74,N/A
N/A,EV_005_INC-D1,10.58052/IEWDR023C,Sediment, 2023-08-15,18.58,-9999,10.89,-9999,7.69,0.71,N/A
N/A,EV_005_INC-D1,10.58052/IEWDR023C,Sediment, 2023-08-18,18.22,-9999,10.89,-9999,7.33,0.67,N/A
N/A,EV_005_INC-D1,10.58052/IEWDR023C,Sediment, 2023-08-22,17.74,-9999,10.89,-9999,6.85,0.63,N/A
N/A,EV_005_INC-D2,10.58052/IEWDR023C,Sediment, 2023-08-03,19.97,-9999,10.87,-9999,9.1,0.84,N/A
N/A,EV_005_INC-D2,10.58052/IEWDR023C,Sediment, 2023-08-04,19.78,-9999,10.87,-9999,8.91,0.82,N/A
N/A,EV_005_INC-D2,10.58052/IEWDR023C,Sediment, 2023-08-08,19.45,-9999,10.87,-9999,8.58,0.79,N/A
N/A,EV_005_INC-D2,10.58052/IEWDR023C,Sediment, 2023-08-11,19.23,-9999,10.87,-9999,8.36,0.77,N/A
N/A,EV_005_INC-D2,10.58052/IEWDR023C,Sediment, 2023-08-15,18.67,-9999,10.87,-9999,7.8,0.72,N/A
N/A,EV_005_INC-D2,10.58052/IEWDR023C,Sediment, 2023-08-18,18.41,-9999,10.87,-9999,7.54,0.69,N/A
N/A,EV_005_INC-D2,10.58052/IEWDR023C,Sediment, 2023-08-22,18.02,-9999,10.87,-9999,7.15,0.66,N/A
N/A,EV_005_INC-D3,10.58052/IEWDR023C,Sediment, 2023-08-03,19.97,-9999,10.87,-9999,9.1,0.84,N/A
N/A,EV_005_INC-D3,10.58052/IEWDR023C,Sediment, 2023-08-04,19.75,-9999,10.87,-9999,8.88,0.82,N/A
N/A,EV_005_INC-D3,10.58052/IEWDR023C,Sediment, 2023-08-08,19.12,-9999,10.87,-9999,8.25,0.76,N/A
N/A,EV_005_INC-D3,10.58052/IEWDR023C,Sediment, 2023-08-11,18.66,-9999,10.87,-9999,7.79,0.72,N/A
N/A,EV_005_INC-D3,10.58052/IEWDR023C,Sediment, 2023-08-15,18.25,-9999,10.87,-9999,7.38,0.68,N/A
N/A,EV_005_INC-D3,10.58052/IEWDR023C,Sediment, 2023-08-18,17.87,-9999,10.87,-9999,7,0.64,N/A
N/A,EV_005_INC-D3,10.58052/IEWDR023C,Sediment, 2023-08-22,17.37,-9999,10.87,-9999,6.5,0.6,N/A
N/A,EV_005_INC-D4,10.58052/IEWDR023C,Sediment, 2023-08-03,19.99,-9999,10.88,-9999,9.11,0.84,N/A
N/A,EV_005_INC-D4,10.58052/IEWDR023C,Sediment, 2023-08-04,19.87,-9999,10.88,-9999,8.99,0.83,N/A
N/A,EV_005_INC-D4,10.58052/IEWDR023C,Sediment, 2023-08-08,19.6,-9999,10.88,-9999,8.72,0.8,N/A
N/A,EV_005_INC-D4,10.58052/IEWDR023C,Sediment, 2023-08-11,19.26,-9999,10.88,-9999,8.38,0.77,N/A
N/A,EV_005_INC-D4,10.58052/IEWDR023C,Sediment, 2023-08-15,18.86,-9999,10.88,-9999,7.98,0.73,N/A
N/A,EV_005_INC-D4,10.58052/IEWDR023C,Sediment, 2023-08-18,18.53,-9999,10.88,-9999,7.65,0.7,N/A
N/A,EV_005_INC-D4,10.58052/IEWDR023C,Sediment, 2023-08-22,17.99,-9999,10.88,-9999,7.11,0.65,N/A
N/A,EV_005_INC-D5,10.58052/IEWDR023C,Sediment, 2023-08-03,19.95,-9999,10.86,-9999,9.09,0.84,N/A
N/A,EV_005_INC-D5,10.58052/IEWDR023C,Sediment, 2023-08-04,19.82,-9999,10.86,-9999,8.96,0.82,N/A
N/A,EV_005_INC-D5,10.58052/IEWDR023C,Sediment, 2023-08-08,19.57,-9999,10.86,-9999,8.71,0.8,N/A
N/A,EV_005_INC-D5,10.58052/IEWDR023C,Sediment, 2023-08-11,19.28,-9999,10.86,-9999,8.42,0.77,N/A
N/A,EV_005_INC-D5,10.58052/IEWDR023C,Sediment, 2023-08-15,18.93,-9999,10.86,-9999,8.07,0.74,N/A
N/A,EV_005_INC-D5,10.58052/IEWDR023C,Sediment, 2023-08-18,18.63,-9999,10.86,-9999,7.77,0.72,N/A
N/A,EV_005_INC-D5,10.58052/IEWDR023C,Sediment, 2023-08-22,18.18,-9999,10.86,-9999,7.32,0.67,N/A
N/A,EV_005_INC-W1,10.58052/IEWDR023C,Sediment, 2023-08-03,20.01,22.98,10.89,2.97,12.09,1.11,N/A
N/A,EV_005_INC-W1,10.58052/IEWDR023C,Sediment, 2023-08-04,22.81,23.01,10.89,0.2,12.12,1.11,N/A
N/A,EV_005_INC-W1,10.58052/IEWDR023C,Sediment, 2023-08-08,22.66,22.98,10.89,0.32,12.09,1.11,N/A
N/A,EV_005_INC-W1,10.58052/IEWDR023C,Sediment, 2023-08-11,22.58,22.98,10.89,0.4,12.09,1.11,N/A
N/A,EV_005_INC-W1,10.58052/IEWDR023C,Sediment, 2023-08-15,22.5,22.97,10.89,0.47,12.08,1.11,N/A
N/A,EV_005_INC-W1,10.58052/IEWDR023C,Sediment, 2023-08-18,22.57,22.97,10.89,0.4,12.08,1.11,N/A
N/A,EV_005_INC-W1,10.58052/IEWDR023C,Sediment, 2023-08-22,22.37,22.98,10.89,0.61,12.09,1.11,N/A
N/A,EV_005_INC-W2,10.58052/IEWDR023C,Sediment, 2023-08-03,19.98,22.95,10.88,2.97,12.07,1.11,N/A
N/A,EV_005_INC-W2,10.58052/IEWDR023C,Sediment, 2023-08-04,22.81,22.95,10.88,0.14,12.07,1.11,N/A
N/A,EV_005_INC-W2,10.58052/IEWDR023C,Sediment, 2023-08-08,22.58,22.95,10.88,0.37,12.07,1.11,N/A
N/A,EV_005_INC-W2,10.58052/IEWDR023C,Sediment, 2023-08-11,22.56,22.95,10.88,0.39,12.07,1.11,N/A
N/A,EV_005_INC-W2,10.58052/IEWDR023C,Sediment, 2023-08-15,22.39,22.95,10.88,0.56,12.07,1.11,N/A
N/A,EV_005_INC-W2,10.58052/IEWDR023C,Sediment, 2023-08-18,22.45,22.96,10.88,0.51,12.08,1.11,N/A
N/A,EV_005_INC-W2,10.58052/IEWDR023C,Sediment, 2023-08-22,22.19,22.95,10.88,0.76,12.07,1.11,N/A
N/A,EV_005_INC-W3,10.58052/IEWDR023C,Sediment, 2023-08-03,20.05,23.03,10.92,2.98,12.11,1.11,N/A
N/A,EV_005_INC-W3,10.58052/IEWDR023C,Sediment, 2023-08-04,22.92,23.03,10.92,0.11,12.11,1.11,N/A
N/A,EV_005_INC-W3,10.58052/IEWDR023C,Sediment, 2023-08-08,22.72,23.03,10.92,0.31,12.11,1.11,N/A
N/A,EV_005_INC-W3,10.58052/IEWDR023C,Sediment, 2023-08-11,22.74,23.02,10.92,0.28,12.1,1.11,N/A
N/A,EV_005_INC-W3,10.58052/IEWDR023C,Sediment, 2023-08-15,22.64,23.03,10.92,0.39,12.11,1.11,N/A
N/A,EV_005_INC-W3,10.58052/IEWDR023C,Sediment, 2023-08-18,22.7,23.03,10.92,0.33,12.11,1.11,N/A
N/A,EV_005_INC-W3,10.58052/IEWDR023C,Sediment, 2023-08-22,22.46,23.03,10.92,0.57,12.11,1.11,N/A
N/A,EV_005_INC-W4,10.58052/IEWDR023C,Sediment, 2023-08-03,19.99,22.95,10.88,2.96,12.07,1.11,N/A
N/A,EV_005_INC-W4,10.58052/IEWDR023C,Sediment, 2023-08-04,22.82,22.95,10.88,0.13,12.07,1.11,N/A
N/A,EV_005_INC-W4,10.58052/IEWDR023C,Sediment, 2023-08-08,22.67,22.94,10.88,0.27,12.06,1.11,N/A
N/A,EV_005_INC-W4,10.58052/IEWDR023C,Sediment, 2023-08-11,22.62,22.95,10.88,0.33,12.07,1.11,N/A
N/A,EV_005_INC-W4,10.58052/IEWDR023C,Sediment, 2023-08-15,22.48,22.95,10.88,0.47,12.07,1.11,N/A
N/A,EV_005_INC-W4,10.58052/IEWDR023C,Sediment, 2023-08-18,22.59,22.95,10.88,0.36,12.07,1.11,N/A
N/A,EV_005_INC-W4,10.58052/IEWDR023C,Sediment, 2023-08-22,22.37,22.94,10.88,0.57,12.06,1.11,N/A
N/A,EV_005_INC-W5,10.58052/IEWDR023C,Sediment, 2023-08-03,19.94,22.92,10.86,2.98,12.06,1.11,N/A
N/A,EV_005_INC-W5,10.58052/IEWDR023C,Sediment, 2023-08-04,22.78,22.93,10.86,0.15,12.07,1.11,N/A
N/A,EV_005_INC-W5,10.58052/IEWDR023C,Sediment, 2023-08-08,22.6,22.92,10.86,0.32,12.06,1.11,N/A
N/A,EV_005_INC-W5,10.58052/IEWDR023C,Sediment, 2023-08-11,22.54,22.91,10.86,0.37,12.05,1.11,N/A
N/A,EV_005_INC-W5,10.58052/IEWDR023C,Sediment, 2023-08-15,22.41,22.92,10.86,0.51,12.06,1.11,N/A
N/A,EV_005_INC-W5,10.58052/IEWDR023C,Sediment, 2023-08-18,22.49,22.92,10.86,0.43,12.06,1.11,N/A
N/A,EV_005_INC-W5,10.58052/IEWDR023C,Sediment, 2023-08-22,22.4,22.92,10.86,0.52,12.06,1.11,N/A
N/A,EV_006_INC-D1,10.58052/IEWDR023D,Sediment, 2023-08-03,20.09,-9999,8.59,-9999,11.5,1.34,N/A
N/A,EV_006_INC-D1,10.58052/IEWDR023D,Sediment, 2023-08-04,19.75,-9999,8.59,-9999,11.16,1.3,N/A
N/A,EV_006_INC-D1,10.58052/IEWDR023D,Sediment, 2023-08-08,19.05,-9999,8.59,-9999,10.46,1.22,N/A
N/A,EV_006_INC-D1,10.58052/IEWDR023D,Sediment, 2023-08-11,18.37,-9999,8.59,-9999,9.78,1.14,N/A
N/A,EV_006_INC-D1,10.58052/IEWDR023D,Sediment, 2023-08-15,17.51,-9999,8.59,-9999,8.92,1.04,N/A
N/A,EV_006_INC-D1,10.58052/IEWDR023D,Sediment, 2023-08-18,16.85,-9999,8.59,-9999,8.26,0.96,N/A
N/A,EV_006_INC-D1,10.58052/IEWDR023D,Sediment, 2023-08-22,16.21,-9999,8.59,-9999,7.62,0.89,N/A
N/A,EV_006_INC-D2,10.58052/IEWDR023D,Sediment, 2023-08-03,19.9,-9999,8.5,-9999,11.4,1.34,N/A
N/A,EV_006_INC-D2,10.58052/IEWDR023D,Sediment, 2023-08-04,19.6,-9999,8.5,-9999,11.1,1.3,N/A
N/A,EV_006_INC-D2,10.58052/IEWDR023D,Sediment, 2023-08-08,18.91,-9999,8.5,-9999,10.41,1.22,N/A
N/A,EV_006_INC-D2,10.58052/IEWDR023D,Sediment, 2023-08-11,18.25,-9999,8.5,-9999,9.75,1.15,N/A
N/A,EV_006_INC-D2,10.58052/IEWDR023D,Sediment, 2023-08-15,17.33,-9999,8.5,-9999,8.83,1.04,N/A
N/A,EV_006_INC-D2,10.58052/IEWDR023D,Sediment, 2023-08-18,16.62,-9999,8.5,-9999,8.12,0.95,N/A
N/A,EV_006_INC-D2,10.58052/IEWDR023D,Sediment, 2023-08-22,15.87,-9999,8.5,-9999,7.37,0.87,N/A
N/A,EV_006_INC-D3,10.58052/IEWDR023D,Sediment, 2023-08-03,19.95,-9999,8.53,-9999,11.42,1.34,N/A
N/A,EV_006_INC-D3,10.58052/IEWDR023D,Sediment, 2023-08-04,19.73,-9999,8.53,-9999,11.2,1.31,N/A
N/A,EV_006_INC-D3,10.58052/IEWDR023D,Sediment, 2023-08-08,19.1,-9999,8.53,-9999,10.57,1.24,N/A
N/A,EV_006_INC-D3,10.58052/IEWDR023D,Sediment, 2023-08-11,18.55,-9999,8.53,-9999,10.02,1.18,N/A
N/A,EV_006_INC-D3,10.58052/IEWDR023D,Sediment, 2023-08-15,17.85,-9999,8.53,-9999,9.32,1.09,N/A
N/A,EV_006_INC-D3,10.58052/IEWDR023D,Sediment, 2023-08-18,17.22,-9999,8.53,-9999,8.69,1.02,N/A
N/A,EV_006_INC-D3,10.58052/IEWDR023D,Sediment, 2023-08-22,16.71,-9999,8.53,-9999,8.18,0.96,N/A
N/A,EV_006_INC-D4,10.58052/IEWDR023D,Sediment, 2023-08-03,20,-9999,8.55,-9999,11.45,1.34,N/A
N/A,EV_006_INC-D4,10.58052/IEWDR023D,Sediment, 2023-08-04,19.84,-9999,8.55,-9999,11.29,1.32,N/A
N/A,EV_006_INC-D4,10.58052/IEWDR023D,Sediment, 2023-08-08,19.27,-9999,8.55,-9999,10.72,1.25,N/A
N/A,EV_006_INC-D4,10.58052/IEWDR023D,Sediment, 2023-08-11,18.64,-9999,8.55,-9999,10.09,1.18,N/A
N/A,EV_006_INC-D4,10.58052/IEWDR023D,Sediment, 2023-08-15,18.09,-9999,8.55,-9999,9.54,1.12,N/A
N/A,EV_006_INC-D4,10.58052/IEWDR023D,Sediment, 2023-08-18,17.82,-9999,8.55,-9999,9.27,1.08,N/A
N/A,EV_006_INC-D4,10.58052/IEWDR023D,Sediment, 2023-08-22,17.39,-9999,8.55,-9999,8.84,1.03,N/A
N/A,EV_006_INC-D5,10.58052/IEWDR023D,Sediment, 2023-08-03,20.04,-9999,8.56,-9999,11.48,1.34,N/A
N/A,EV_006_INC-D5,10.58052/IEWDR023D,Sediment, 2023-08-04,19.83,-9999,8.56,-9999,11.27,1.32,N/A
N/A,EV_006_INC-D5,10.58052/IEWDR023D,Sediment, 2023-08-08,19.32,-9999,8.56,-9999,10.76,1.26,N/A
N/A,EV_006_INC-D5,10.58052/IEWDR023D,Sediment, 2023-08-11,18.96,-9999,8.56,-9999,10.4,1.21,N/A
N/A,EV_006_INC-D5,10.58052/IEWDR023D,Sediment, 2023-08-15,18.6,-9999,8.56,-9999,10.04,1.17,N/A
N/A,EV_006_INC-D5,10.58052/IEWDR023D,Sediment, 2023-08-18,18.29,-9999,8.56,-9999,9.73,1.14,N/A
N/A,EV_006_INC-D5,10.58052/IEWDR023D,Sediment, 2023-08-22,17.83,-9999,8.56,-9999,9.27,1.08,N/A
N/A,EV_006_INC-W1,10.58052/IEWDR023D,Sediment, 2023-08-03,20.03,23,8.56,2.97,14.44,1.69,N/A
N/A,EV_006_INC-W1,10.58052/IEWDR023D,Sediment, 2023-08-04,22.75,23.37,8.56,0.62,14.81,1.73,N/A
N/A,EV_006_INC-W1,10.58052/IEWDR023D,Sediment, 2023-08-08,22.99,22.99,8.56,0,14.43,1.69,N/A
N/A,EV_006_INC-W1,10.58052/IEWDR023D,Sediment, 2023-08-11,22.76,23.05,8.56,0.29,14.49,1.69,N/A
N/A,EV_006_INC-W1,10.58052/IEWDR023D,Sediment, 2023-08-15,22.69,23,8.56,0.31,14.44,1.69,N/A
N/A,EV_006_INC-W1,10.58052/IEWDR023D,Sediment, 2023-08-18,22.68,23,8.56,0.32,14.44,1.69,N/A
N/A,EV_006_INC-W1,10.58052/IEWDR023D,Sediment, 2023-08-22,22.51,23,8.56,0.49,14.44,1.69,N/A
N/A,EV_006_INC-W2,10.58052/IEWDR023D,Sediment, 2023-08-03,19.96,22.93,8.53,2.97,14.4,1.69,N/A
N/A,EV_006_INC-W2,10.58052/IEWDR023D,Sediment, 2023-08-04,22.65,22.92,8.53,0.27,14.39,1.69,N/A
N/A,EV_006_INC-W2,10.58052/IEWDR023D,Sediment, 2023-08-08,22.26,22.93,8.53,0.67,14.4,1.69,N/A
N/A,EV_006_INC-W2,10.58052/IEWDR023D,Sediment, 2023-08-11,22.44,22.93,8.53,0.49,14.4,1.69,N/A
N/A,EV_006_INC-W2,10.58052/IEWDR023D,Sediment, 2023-08-15,22.45,22.93,8.53,0.48,14.4,1.69,N/A
N/A,EV_006_INC-W2,10.58052/IEWDR023D,Sediment, 2023-08-18,22.25,22.93,8.53,0.68,14.4,1.69,N/A
N/A,EV_006_INC-W2,10.58052/IEWDR023D,Sediment, 2023-08-22,22.12,22.93,8.53,0.81,14.4,1.69,N/A
N/A,EV_006_INC-W3,10.58052/IEWDR023D,Sediment, 2023-08-03,19.96,22.96,8.53,3,14.43,1.69,N/A
N/A,EV_006_INC-W3,10.58052/IEWDR023D,Sediment, 2023-08-04,22.79,22.96,8.53,0.17,14.43,1.69,N/A
N/A,EV_006_INC-W3,10.58052/IEWDR023D,Sediment, 2023-08-08,22.65,22.97,8.53,0.32,14.44,1.69,N/A
N/A,EV_006_INC-W3,10.58052/IEWDR023D,Sediment, 2023-08-11,22.68,22.96,8.53,0.28,14.43,1.69,N/A
N/A,EV_006_INC-W3,10.58052/IEWDR023D,Sediment, 2023-08-15,22.57,22.96,8.53,0.39,14.43,1.69,N/A
N/A,EV_006_INC-W3,10.58052/IEWDR023D,Sediment, 2023-08-18,22.61,22.97,8.53,0.36,14.44,1.69,N/A
N/A,EV_006_INC-W3,10.58052/IEWDR023D,Sediment, 2023-08-22,22.48,22.96,8.53,0.48,14.43,1.69,N/A
N/A,EV_006_INC-W4,10.58052/IEWDR023D,Sediment, 2023-08-03,19.91,22.84,8.51,2.93,14.33,1.68,N/A
N/A,EV_006_INC-W4,10.58052/IEWDR023D,Sediment, 2023-08-04,22.61,23.84,8.51,1.23,15.33,1.8,N/A
N/A,EV_006_INC-W4,10.58052/IEWDR023D,Sediment, 2023-08-08,22.22,22.83,8.51,0.61,14.32,1.68,N/A
N/A,EV_006_INC-W4,10.58052/IEWDR023D,Sediment, 2023-08-11,22.15,22.84,8.51,0.69,14.33,1.68,N/A
N/A,EV_006_INC-W4,10.58052/IEWDR023D,Sediment, 2023-08-15,21.89,22.84,8.51,0.95,14.33,1.68,N/A
N/A,EV_006_INC-W4,10.58052/IEWDR023D,Sediment, 2023-08-18,22.11,22.84,8.51,0.73,14.33,1.68,N/A
N/A,EV_006_INC-W4,10.58052/IEWDR023D,Sediment, 2023-08-22,21.47,22.84,8.51,1.37,14.33,1.68,N/A
N/A,EV_006_INC-W5,10.58052/IEWDR023D,Sediment, 2023-08-03,20.06,23.03,8.57,2.97,14.46,1.69,N/A
N/A,EV_006_INC-W5,10.58052/IEWDR023D,Sediment, 2023-08-04,22.82,23.03,8.57,0.21,14.46,1.69,N/A
N/A,EV_006_INC-W5,10.58052/IEWDR023D,Sediment, 2023-08-08,22.67,23.02,8.57,0.35,14.45,1.69,N/A
N/A,EV_006_INC-W5,10.58052/IEWDR023D,Sediment, 2023-08-11,22.59,23.02,8.57,0.43,14.45,1.69,N/A
N/A,EV_006_INC-W5,10.58052/IEWDR023D,Sediment, 2023-08-15,22.53,23.03,8.57,0.5,14.46,1.69,N/A
N/A,EV_006_INC-W5,10.58052/IEWDR023D,Sediment, 2023-08-18,22.62,23.03,8.57,0.41,14.46,1.69,N/A
N/A,EV_006_INC-W5,10.58052/IEWDR023D,Sediment, 2023-08-22,22.4,23.03,8.57,0.63,14.46,1.69,N/A
N/A,EV_007_INC-D1,10.58052/IEWDR023E,Sediment, 2023-08-17,20.08,-9999,12.84,-9999,7.24,0.56,N/A
N/A,EV_007_INC-D1,10.58052/IEWDR023E,Sediment, 2023-08-18,19.95,-9999,12.84,-9999,7.11,0.55,N/A
N/A,EV_007_INC-D1,10.58052/IEWDR023E,Sediment, 2023-08-22,19.6,-9999,12.84,-9999,6.76,0.53,N/A
N/A,EV_007_INC-D1,10.58052/IEWDR023E,Sediment, 2023-08-25,19.29,-9999,12.84,-9999,6.45,0.5,N/A
N/A,EV_007_INC-D1,10.58052/IEWDR023E,Sediment, 2023-08-29,18.92,-9999,12.84,-9999,6.08,0.47,N/A
N/A,EV_007_INC-D1,10.58052/IEWDR023E,Sediment, 2023-09-01,18.62,-9999,12.84,-9999,5.78,0.45,N/A
N/A,EV_007_INC-D1,10.58052/IEWDR023E,Sediment, 2023-09-05,18.28,-9999,12.84,-9999,5.44,0.42,N/A
N/A,EV_007_INC-D2,10.58052/IEWDR023E,Sediment, 2023-08-17,20,-9999,12.79,-9999,7.21,0.56,N/A
N/A,EV_007_INC-D2,10.58052/IEWDR023E,Sediment, 2023-08-18,19.86,-9999,12.79,-9999,7.07,0.55,N/A
N/A,EV_007_INC-D2,10.58052/IEWDR023E,Sediment, 2023-08-22,19.46,-9999,12.79,-9999,6.67,0.52,N/A
N/A,EV_007_INC-D2,10.58052/IEWDR023E,Sediment, 2023-08-25,19.15,-9999,12.79,-9999,6.36,0.5,N/A
N/A,EV_007_INC-D2,10.58052/IEWDR023E,Sediment, 2023-08-29,18.85,-9999,12.79,-9999,6.06,0.47,N/A
N/A,EV_007_INC-D2,10.58052/IEWDR023E,Sediment, 2023-09-01,18.59,-9999,12.79,-9999,5.8,0.45,N/A
N/A,EV_007_INC-D2,10.58052/IEWDR023E,Sediment, 2023-09-05,18.28,-9999,12.79,-9999,5.49,0.43,N/A
N/A,EV_007_INC-D3,10.58052/IEWDR023E,Sediment, 2023-08-17,20.07,-9999,12.84,-9999,7.23,0.56,N/A
N/A,EV_007_INC-D3,10.58052/IEWDR023E,Sediment, 2023-08-18,19.94,-9999,12.84,-9999,7.1,0.55,N/A
N/A,EV_007_INC-D3,10.58052/IEWDR023E,Sediment, 2023-08-22,19.54,-9999,12.84,-9999,6.7,0.52,N/A
N/A,EV_007_INC-D3,10.58052/IEWDR023E,Sediment, 2023-08-25,19.23,-9999,12.84,-9999,6.39,0.5,N/A
N/A,EV_007_INC-D3,10.58052/IEWDR023E,Sediment, 2023-08-29,18.9,-9999,12.84,-9999,6.06,0.47,N/A
N/A,EV_007_INC-D3,10.58052/IEWDR023E,Sediment, 2023-09-01,18.6,-9999,12.84,-9999,5.76,0.45,N/A
N/A,EV_007_INC-D3,10.58052/IEWDR023E,Sediment, 2023-09-05,18.39,-9999,12.84,-9999,5.55,0.43,N/A
N/A,EV_007_INC-D4,10.58052/IEWDR023E,Sediment, 2023-08-17,20,-9999,12.79,-9999,7.21,0.56,N/A
N/A,EV_007_INC-D4,10.58052/IEWDR023E,Sediment, 2023-08-18,19.86,-9999,12.79,-9999,7.07,0.55,N/A
N/A,EV_007_INC-D4,10.58052/IEWDR023E,Sediment, 2023-08-22,19.47,-9999,12.79,-9999,6.68,0.52,N/A
N/A,EV_007_INC-D4,10.58052/IEWDR023E,Sediment, 2023-08-25,19.19,-9999,12.79,-9999,6.4,0.5,N/A
N/A,EV_007_INC-D4,10.58052/IEWDR023E,Sediment, 2023-08-29,18.86,-9999,12.79,-9999,6.07,0.47,N/A
N/A,EV_007_INC-D4,10.58052/IEWDR023E,Sediment, 2023-09-01,18.62,-9999,12.79,-9999,5.83,0.46,N/A
N/A,EV_007_INC-D4,10.58052/IEWDR023E,Sediment, 2023-09-05,18.33,-9999,12.79,-9999,5.54,0.43,N/A
N/A,EV_007_INC-D5,10.58052/IEWDR023E,Sediment,-9999,-9999,-9999,-9999,-9999,-9999,-9999,INC_Method_001
N/A,EV_007_INC-W1,10.58052/IEWDR023E,Sediment, 2023-08-17,19.99,23.01,12.79,3.02,10.22,0.8,N/A
N/A,EV_007_INC-W1,10.58052/IEWDR023E,Sediment, 2023-08-18,22.88,23.01,12.79,0.13,10.22,0.8,N/A
N/A,EV_007_INC-W1,10.58052/IEWDR023E,Sediment, 2023-08-22,22.58,23.01,12.79,0.43,10.22,0.8,N/A
N/A,EV_007_INC-W1,10.58052/IEWDR023E,Sediment, 2023-08-25,22.63,23.02,12.79,0.39,10.23,0.8,N/A
N/A,EV_007_INC-W1,10.58052/IEWDR023E,Sediment, 2023-08-29,22.64,23.01,12.79,0.37,10.22,0.8,N/A
N/A,EV_007_INC-W1,10.58052/IEWDR023E,Sediment, 2023-09-05,22.76,23.01,12.79,0.25,10.22,0.8,N/A
N/A,EV_007_INC-W2,10.58052/IEWDR023E,Sediment, 2023-08-17,20.01,23.02,12.8,3.01,10.22,0.8,N/A
N/A,EV_007_INC-W2,10.58052/IEWDR023E,Sediment, 2023-08-18,22.9,23.02,12.8,0.12,10.22,0.8,N/A
N/A,EV_007_INC-W2,10.58052/IEWDR023E,Sediment, 2023-08-22,22.63,23.02,12.8,0.39,10.22,0.8,N/A
N/A,EV_007_INC-W2,10.58052/IEWDR023E,Sediment, 2023-08-25,22.77,23.02,12.8,0.25,10.22,0.8,N/A
N/A,EV_007_INC-W2,10.58052/IEWDR023E,Sediment, 2023-08-29,22.75,23.02,12.8,0.27,10.22,0.8,N/A
N/A,EV_007_INC-W2,10.58052/IEWDR023E,Sediment, 2023-09-05,22.67,23.02,12.8,0.35,10.22,0.8,N/A
N/A,EV_007_INC-W3,10.58052/IEWDR023E,Sediment, 2023-08-17,20.07,23.06,12.84,2.99,10.22,0.8,N/A
N/A,EV_007_INC-W3,10.58052/IEWDR023E,Sediment, 2023-08-18,22.95,23.06,12.84,0.11,10.22,0.8,N/A
N/A,EV_007_INC-W3,10.58052/IEWDR023E,Sediment, 2023-08-22,22.65,23.05,12.84,0.4,10.21,0.8,N/A
N/A,EV_007_INC-W3,10.58052/IEWDR023E,Sediment, 2023-08-25,22.77,23.06,12.84,0.29,10.22,0.8,N/A
N/A,EV_007_INC-W3,10.58052/IEWDR023E,Sediment, 2023-08-29,22.68,23.07,12.84,0.39,10.23,0.8,N/A
N/A,EV_007_INC-W3,10.58052/IEWDR023E,Sediment, 2023-09-05,22.79,23.06,12.84,0.27,10.22,0.8,N/A
N/A,EV_007_INC-W4,10.58052/IEWDR023E,Sediment, 2023-08-17,19.78,22.76,12.65,2.98,10.11,0.8,N/A
N/A,EV_007_INC-W4,10.58052/IEWDR023E,Sediment, 2023-08-18,22.63,22.77,12.65,0.14,10.12,0.8,N/A
N/A,EV_007_INC-W4,10.58052/IEWDR023E,Sediment, 2023-08-22,22.35,22.76,12.65,0.41,10.11,0.8,N/A
N/A,EV_007_INC-W4,10.58052/IEWDR023E,Sediment, 2023-08-25,22.44,22.76,12.65,0.32,10.11,0.8,N/A
N/A,EV_007_INC-W4,10.58052/IEWDR023E,Sediment, 2023-08-29,22.4,22.76,12.65,0.36,10.11,0.8,N/A
N/A,EV_007_INC-W4,10.58052/IEWDR023E,Sediment, 2023-09-05,22.47,22.76,12.65,0.29,10.11,0.8,N/A
N/A,EV_007_INC-W5,10.58052/IEWDR023E,Sediment,-9999,-9999,-9999,-9999,-9999,-9999,-9999,INC_Method_001
N/A,EV_008_INC-D1,10.58052/IEWDR023F,Sediment, 2023-08-17,15,-9999,14.56,-9999,0.44,0.03,N/A
N/A,EV_008_INC-D1,10.58052/IEWDR023F,Sediment, 2023-08-18,14.96,-9999,14.56,-9999,0.4,0.03,N/A
N/A,EV_008_INC-D1,10.58052/IEWDR023F,Sediment, 2023-08-22,14.84,-9999,14.56,-9999,0.28,0.02,N/A
N/A,EV_008_INC-D1,10.58052/IEWDR023F,Sediment, 2023-08-25,14.83,-9999,14.56,-9999,0.27,0.02,N/A
N/A,EV_008_INC-D1,10.58052/IEWDR023F,Sediment, 2023-08-29,14.83,-9999,14.56,-9999,0.27,0.02,N/A
N/A,EV_008_INC-D1,10.58052/IEWDR023F,Sediment, 2023-09-01,14.83,-9999,14.56,-9999,0.27,0.02,N/A
N/A,EV_008_INC-D1,10.58052/IEWDR023F,Sediment, 2023-09-05,14.83,-9999,14.56,-9999,0.27,0.02,N/A
N/A,EV_008_INC-D2,10.58052/IEWDR023F,Sediment, 2023-08-17,15.01,-9999,14.57,-9999,0.44,0.03,N/A
N/A,EV_008_INC-D2,10.58052/IEWDR023F,Sediment, 2023-08-18,14.96,-9999,14.57,-9999,0.39,0.03,N/A
N/A,EV_008_INC-D2,10.58052/IEWDR023F,Sediment, 2023-08-22,14.85,-9999,14.57,-9999,0.28,0.02,N/A
N/A,EV_008_INC-D2,10.58052/IEWDR023F,Sediment, 2023-08-25,14.83,-9999,14.57,-9999,0.26,0.02,N/A
N/A,EV_008_INC-D2,10.58052/IEWDR023F,Sediment, 2023-08-29,14.84,-9999,14.57,-9999,0.27,0.02,N/A
N/A,EV_008_INC-D2,10.58052/IEWDR023F,Sediment, 2023-09-01,14.84,-9999,14.57,-9999,0.27,0.02,N/A
N/A,EV_008_INC-D2,10.58052/IEWDR023F,Sediment, 2023-09-05,14.83,-9999,14.57,-9999,0.26,0.02,N/A
N/A,EV_008_INC-D3,10.58052/IEWDR023F,Sediment, 2023-08-17,14.97,-9999,14.53,-9999,0.44,0.03,N/A
N/A,EV_008_INC-D3,10.58052/IEWDR023F,Sediment, 2023-08-18,14.93,-9999,14.53,-9999,0.4,0.03,N/A
N/A,EV_008_INC-D3,10.58052/IEWDR023F,Sediment, 2023-08-22,14.81,-9999,14.53,-9999,0.28,0.02,N/A
N/A,EV_008_INC-D3,10.58052/IEWDR023F,Sediment, 2023-08-25,14.79,-9999,14.53,-9999,0.26,0.02,N/A
N/A,EV_008_INC-D3,10.58052/IEWDR023F,Sediment, 2023-08-29,14.8,-9999,14.53,-9999,0.27,0.02,N/A
N/A,EV_008_INC-D3,10.58052/IEWDR023F,Sediment, 2023-09-01,14.8,-9999,14.53,-9999,0.27,0.02,N/A
N/A,EV_008_INC-D3,10.58052/IEWDR023F,Sediment, 2023-09-05,14.79,-9999,14.53,-9999,0.26,0.02,N/A
N/A,EV_008_INC-D4,10.58052/IEWDR023F,Sediment, 2023-08-17,15.05,-9999,14.61,-9999,0.44,0.03,N/A
N/A,EV_008_INC-D4,10.58052/IEWDR023F,Sediment, 2023-08-18,15,-9999,14.61,-9999,0.39,0.03,N/A
N/A,EV_008_INC-D4,10.58052/IEWDR023F,Sediment, 2023-08-22,14.88,-9999,14.61,-9999,0.27,0.02,N/A
N/A,EV_008_INC-D4,10.58052/IEWDR023F,Sediment, 2023-08-25,14.86,-9999,14.61,-9999,0.25,0.02,N/A
N/A,EV_008_INC-D4,10.58052/IEWDR023F,Sediment, 2023-08-29,14.9,-9999,14.61,-9999,0.29,0.02,N/A
N/A,EV_008_INC-D4,10.58052/IEWDR023F,Sediment, 2023-09-01,14.85,-9999,14.61,-9999,0.24,0.02,N/A
N/A,EV_008_INC-D4,10.58052/IEWDR023F,Sediment, 2023-09-05,14.85,-9999,14.61,-9999,0.24,0.02,N/A
N/A,EV_008_INC-D5,10.58052/IEWDR023F,Sediment, 2023-08-17,15,-9999,14.56,-9999,0.44,0.03,N/A
N/A,EV_008_INC-D5,10.58052/IEWDR023F,Sediment, 2023-08-18,14.94,-9999,14.56,-9999,0.38,0.03,N/A
N/A,EV_008_INC-D5,10.58052/IEWDR023F,Sediment, 2023-08-22,14.83,-9999,14.56,-9999,0.27,0.02,N/A
N/A,EV_008_INC-D5,10.58052/IEWDR023F,Sediment, 2023-08-25,14.81,-9999,14.56,-9999,0.25,0.02,N/A
N/A,EV_008_INC-D5,10.58052/IEWDR023F,Sediment, 2023-08-29,14.81,-9999,14.56,-9999,0.25,0.02,N/A
N/A,EV_008_INC-D5,10.58052/IEWDR023F,Sediment, 2023-09-01,14.81,-9999,14.56,-9999,0.25,0.02,N/A
N/A,EV_008_INC-D5,10.58052/IEWDR023F,Sediment, 2023-09-05,14.8,-9999,14.56,-9999,0.24,0.02,N/A
N/A,EV_008_INC-W1,10.58052/IEWDR023F,Sediment, 2023-08-17,15.03,23.92,14.59,8.89,9.33,0.64,N/A
N/A,EV_008_INC-W1,10.58052/IEWDR023F,Sediment, 2023-08-18,23.82,23.92,14.59,0.1,9.33,0.64,N/A
N/A,EV_008_INC-W1,10.58052/IEWDR023F,Sediment, 2023-08-22,23.49,23.92,14.59,0.43,9.33,0.64,N/A
N/A,EV_008_INC-W1,10.58052/IEWDR023F,Sediment, 2023-08-25,23.62,23.92,14.59,0.3,9.33,0.64,N/A
N/A,EV_008_INC-W1,10.58052/IEWDR023F,Sediment, 2023-08-29,23.53,23.92,14.59,0.39,9.33,0.64,N/A
N/A,EV_008_INC-W1,10.58052/IEWDR023F,Sediment, 2023-09-01,23.68,23.92,14.59,0.24,9.33,0.64,N/A
N/A,EV_008_INC-W1,10.58052/IEWDR023F,Sediment, 2023-09-05,23.62,23.92,14.59,0.3,9.33,0.64,N/A
N/A,EV_008_INC-W2,10.58052/IEWDR023F,Sediment, 2023-08-17,14.95,22.88,14.51,7.93,8.37,0.58,N/A
N/A,EV_008_INC-W2,10.58052/IEWDR023F,Sediment, 2023-08-18,22.76,22.89,14.51,0.13,8.38,0.58,N/A
N/A,EV_008_INC-W2,10.58052/IEWDR023F,Sediment, 2023-08-22,22.46,22.88,14.51,0.42,8.37,0.58,N/A
N/A,EV_008_INC-W2,10.58052/IEWDR023F,Sediment, 2023-08-25,22.56,22.88,14.51,0.32,8.37,0.58,N/A
N/A,EV_008_INC-W2,10.58052/IEWDR023F,Sediment, 2023-08-29,22.52,22.88,14.51,0.36,8.37,0.58,N/A
N/A,EV_008_INC-W2,10.58052/IEWDR023F,Sediment, 2023-09-01,22.57,22.88,14.51,0.31,8.37,0.58,N/A
N/A,EV_008_INC-W2,10.58052/IEWDR023F,Sediment, 2023-09-05,22.49,22.88,14.51,0.39,8.37,0.58,N/A
N/A,EV_008_INC-W3,10.58052/IEWDR023F,Sediment, 2023-08-17,15,23.84,14.56,8.84,9.28,0.64,N/A
N/A,EV_008_INC-W3,10.58052/IEWDR023F,Sediment, 2023-08-18,23.72,23.85,14.56,0.13,9.29,0.64,N/A
N/A,EV_008_INC-W3,10.58052/IEWDR023F,Sediment, 2023-08-22,23.44,23.84,14.56,0.4,9.28,0.64,N/A
N/A,EV_008_INC-W3,10.58052/IEWDR023F,Sediment, 2023-08-25,23.54,23.84,14.56,0.3,9.28,0.64,N/A
N/A,EV_008_INC-W3,10.58052/IEWDR023F,Sediment, 2023-08-29,23.53,23.84,14.56,0.31,9.28,0.64,N/A
N/A,EV_008_INC-W3,10.58052/IEWDR023F,Sediment, 2023-09-01,23.53,23.84,14.56,0.31,9.28,0.64,N/A
N/A,EV_008_INC-W3,10.58052/IEWDR023F,Sediment, 2023-09-05,23.56,23.84,14.56,0.28,9.28,0.64,N/A
N/A,EV_008_INC-W4,10.58052/IEWDR023F,Sediment, 2023-08-17,15.01,21.95,14.57,6.94,7.38,0.51,N/A
N/A,EV_008_INC-W4,10.58052/IEWDR023F,Sediment, 2023-08-18,21.87,21.98,14.57,0.11,7.41,0.51,N/A
N/A,EV_008_INC-W4,10.58052/IEWDR023F,Sediment, 2023-08-22,21.54,21.95,14.57,0.41,7.38,0.51,N/A
N/A,EV_008_INC-W4,10.58052/IEWDR023F,Sediment, 2023-08-25,21.65,21.95,14.57,0.3,7.38,0.51,N/A
N/A,EV_008_INC-W4,10.58052/IEWDR023F,Sediment, 2023-08-29,21.61,21.95,14.57,0.34,7.38,0.51,N/A
N/A,EV_008_INC-W4,10.58052/IEWDR023F,Sediment, 2023-09-01,21.69,21.95,14.57,0.26,7.38,0.51,N/A
N/A,EV_008_INC-W4,10.58052/IEWDR023F,Sediment, 2023-09-05,21.63,21.95,14.57,0.32,7.38,0.51,N/A
N/A,EV_008_INC-W5,10.58052/IEWDR023F,Sediment, 2023-08-17,14.96,23.77,14.52,8.81,9.25,0.64,N/A
N/A,EV_008_INC-W5,10.58052/IEWDR023F,Sediment, 2023-08-18,23.67,23.77,14.52,0.1,9.25,0.64,N/A
N/A,EV_008_INC-W5,10.58052/IEWDR023F,Sediment, 2023-08-22,23.38,23.77,14.52,0.39,9.25,0.64,N/A
N/A,EV_008_INC-W5,10.58052/IEWDR023F,Sediment, 2023-08-25,23.44,23.78,14.52,0.34,9.26,0.64,N/A
N/A,EV_008_INC-W5,10.58052/IEWDR023F,Sediment, 2023-08-29,23.43,23.77,14.52,0.34,9.25,0.64,N/A
N/A,EV_008_INC-W5,10.58052/IEWDR023F,Sediment, 2023-09-01,23.41,23.77,14.52,0.36,9.25,0.64,N/A
N/A,EV_008_INC-W5,10.58052/IEWDR023F,Sediment, 2023-09-05,23.49,23.77,14.52,0.28,9.25,0.64,N/A
N/A,EV_009_INC-D1,10.58052/IEWDR023G,Sediment, 2023-08-24,11.99,-9999,11.49,-9999,0.5,0.04,N/A
N/A,EV_009_INC-D1,10.58052/IEWDR023G,Sediment, 2023-08-25,11.99,-9999,11.49,-9999,0.5,0.04,N/A
N/A,EV_009_INC-D1,10.58052/IEWDR023G,Sediment, 2023-08-29,11.99,-9999,11.49,-9999,0.5,0.04,N/A
N/A,EV_009_INC-D1,10.58052/IEWDR023G,Sediment, 2023-09-01,11.99,-9999,11.49,-9999,0.5,0.04,N/A
N/A,EV_009_INC-D1,10.58052/IEWDR023G,Sediment, 2023-09-05,11.99,-9999,11.49,-9999,0.5,0.04,N/A
N/A,EV_009_INC-D1,10.58052/IEWDR023G,Sediment, 2023-09-08,11.97,-9999,11.49,-9999,0.48,0.04,N/A
N/A,EV_009_INC-D1,10.58052/IEWDR023G,Sediment, 2023-09-12,11.97,-9999,11.49,-9999,0.48,0.04,N/A
N/A,EV_009_INC-D2,10.58052/IEWDR023G,Sediment, 2023-08-24,12,-9999,11.5,-9999,0.5,0.04,N/A
N/A,EV_009_INC-D2,10.58052/IEWDR023G,Sediment, 2023-08-25,11.99,-9999,11.5,-9999,0.49,0.04,N/A
N/A,EV_009_INC-D2,10.58052/IEWDR023G,Sediment, 2023-08-29,12,-9999,11.5,-9999,0.5,0.04,N/A
N/A,EV_009_INC-D2,10.58052/IEWDR023G,Sediment, 2023-09-01,12,-9999,11.5,-9999,0.5,0.04,N/A
N/A,EV_009_INC-D2,10.58052/IEWDR023G,Sediment, 2023-09-05,12,-9999,11.5,-9999,0.5,0.04,N/A
N/A,EV_009_INC-D2,10.58052/IEWDR023G,Sediment, 2023-09-08,11.98,-9999,11.5,-9999,0.48,0.04,N/A
N/A,EV_009_INC-D2,10.58052/IEWDR023G,Sediment, 2023-09-12,11.98,-9999,11.5,-9999,0.48,0.04,N/A
N/A,EV_009_INC-D3,10.58052/IEWDR023G,Sediment, 2023-08-24,12,-9999,11.5,-9999,0.5,0.04,N/A
N/A,EV_009_INC-D3,10.58052/IEWDR023G,Sediment, 2023-08-25,11.98,-9999,11.5,-9999,0.48,0.04,N/A
N/A,EV_009_INC-D3,10.58052/IEWDR023G,Sediment, 2023-08-29,11.99,-9999,11.5,-9999,0.49,0.04,N/A
N/A,EV_009_INC-D3,10.58052/IEWDR023G,Sediment, 2023-09-01,11.99,-9999,11.5,-9999,0.49,0.04,N/A
N/A,EV_009_INC-D3,10.58052/IEWDR023G,Sediment, 2023-09-05,11.99,-9999,11.5,-9999,0.49,0.04,N/A
N/A,EV_009_INC-D3,10.58052/IEWDR023G,Sediment, 2023-09-08,11.97,-9999,11.5,-9999,0.47,0.04,N/A
N/A,EV_009_INC-D3,10.58052/IEWDR023G,Sediment, 2023-09-12,11.97,-9999,11.5,-9999,0.47,0.04,N/A
N/A,EV_009_INC-D4,10.58052/IEWDR023G,Sediment, 2023-08-24,11.97,-9999,11.47,-9999,0.5,0.04,N/A
N/A,EV_009_INC-D4,10.58052/IEWDR023G,Sediment, 2023-08-25,11.96,-9999,11.47,-9999,0.49,0.04,N/A
N/A,EV_009_INC-D4,10.58052/IEWDR023G,Sediment, 2023-08-29,11.97,-9999,11.47,-9999,0.5,0.04,N/A
N/A,EV_009_INC-D4,10.58052/IEWDR023G,Sediment, 2023-09-01,11.96,-9999,11.47,-9999,0.49,0.04,N/A
N/A,EV_009_INC-D4,10.58052/IEWDR023G,Sediment, 2023-09-05,11.96,-9999,11.47,-9999,0.49,0.04,N/A
N/A,EV_009_INC-D4,10.58052/IEWDR023G,Sediment, 2023-09-08,11.95,-9999,11.47,-9999,0.48,0.04,N/A
N/A,EV_009_INC-D4,10.58052/IEWDR023G,Sediment, 2023-09-12,11.95,-9999,11.47,-9999,0.48,0.04,N/A
N/A,EV_009_INC-D5,10.58052/IEWDR023G,Sediment, 2023-08-24,12.01,-9999,11.51,-9999,0.5,0.04,N/A
N/A,EV_009_INC-D5,10.58052/IEWDR023G,Sediment, 2023-08-25,11.99,-9999,11.51,-9999,0.48,0.04,N/A
N/A,EV_009_INC-D5,10.58052/IEWDR023G,Sediment, 2023-08-29,12,-9999,11.51,-9999,0.49,0.04,N/A
N/A,EV_009_INC-D5,10.58052/IEWDR023G,Sediment, 2023-09-01,12,-9999,11.51,-9999,0.49,0.04,N/A
N/A,EV_009_INC-D5,10.58052/IEWDR023G,Sediment, 2023-09-05,11.99,-9999,11.51,-9999,0.48,0.04,N/A
N/A,EV_009_INC-D5,10.58052/IEWDR023G,Sediment, 2023-09-08,11.98,-9999,11.51,-9999,0.47,0.04,N/A
N/A,EV_009_INC-D5,10.58052/IEWDR023G,Sediment, 2023-09-12,11.98,-9999,11.51,-9999,0.47,0.04,N/A
N/A,EV_009_INC-W1,10.58052/IEWDR023G,Sediment, 2023-08-24,12.01,21.84,11.51,9.83,10.33,0.9,N/A
N/A,EV_009_INC-W1,10.58052/IEWDR023G,Sediment, 2023-08-25,21.73,21.84,11.51,0.11,10.33,0.9,N/A
N/A,EV_009_INC-W1,10.58052/IEWDR023G,Sediment, 2023-08-29,21.49,21.85,11.51,0.36,10.34,0.9,N/A
N/A,EV_009_INC-W1,10.58052/IEWDR023G,Sediment, 2023-09-01,21.6,21.84,11.51,0.24,10.33,0.9,N/A
N/A,EV_009_INC-W1,10.58052/IEWDR023G,Sediment, 2023-09-05,21.51,21.85,11.51,0.34,10.34,0.9,N/A
N/A,EV_009_INC-W1,10.58052/IEWDR023G,Sediment, 2023-09-08,21.54,21.84,11.51,0.3,10.33,0.9,N/A
N/A,EV_009_INC-W1,10.58052/IEWDR023G,Sediment, 2023-09-12,21.39,21.84,11.51,0.45,10.33,0.9,N/A
N/A,EV_009_INC-W2,10.58052/IEWDR023G,Sediment, 2023-08-24,12.09,21.93,11.59,9.84,10.34,0.89,N/A
N/A,EV_009_INC-W2,10.58052/IEWDR023G,Sediment, 2023-08-25,21.83,21.94,11.59,0.11,10.35,0.89,N/A
N/A,EV_009_INC-W2,10.58052/IEWDR023G,Sediment, 2023-08-29,21.59,21.93,11.59,0.34,10.34,0.89,N/A
N/A,EV_009_INC-W2,10.58052/IEWDR023G,Sediment, 2023-09-01,21.61,21.93,11.59,0.32,10.34,0.89,N/A
N/A,EV_009_INC-W2,10.58052/IEWDR023G,Sediment, 2023-09-05,21.59,21.93,11.59,0.34,10.34,0.89,N/A
N/A,EV_009_INC-W2,10.58052/IEWDR023G,Sediment, 2023-09-08,21.59,21.93,11.59,0.34,10.34,0.89,N/A
N/A,EV_009_INC-W2,10.58052/IEWDR023G,Sediment, 2023-09-12,21.45,21.93,11.59,0.48,10.34,0.89,N/A
N/A,EV_009_INC-W3,10.58052/IEWDR023G,Sediment, 2023-08-24,11.99,22.94,11.49,10.95,11.45,1,N/A
N/A,EV_009_INC-W3,10.58052/IEWDR023G,Sediment, 2023-08-25,22.74,22.94,11.49,0.2,11.45,1,N/A
N/A,EV_009_INC-W3,10.58052/IEWDR023G,Sediment, 2023-08-29,22.6,22.95,11.49,0.35,11.46,1,N/A
N/A,EV_009_INC-W3,10.58052/IEWDR023G,Sediment, 2023-09-01,22.62,22.95,11.49,0.33,11.46,1,N/A
N/A,EV_009_INC-W3,10.58052/IEWDR023G,Sediment, 2023-09-05,22.54,22.93,11.49,0.39,11.44,1,N/A
N/A,EV_009_INC-W3,10.58052/IEWDR023G,Sediment, 2023-09-08,22.53,22.94,11.49,0.41,11.45,1,N/A
N/A,EV_009_INC-W3,10.58052/IEWDR023G,Sediment, 2023-09-12,22.44,22.93,11.49,0.49,11.44,1,N/A
N/A,EV_009_INC-W4,10.58052/IEWDR023G,Sediment, 2023-08-24,12.02,21.84,11.52,9.82,10.32,0.9,N/A
N/A,EV_009_INC-W4,10.58052/IEWDR023G,Sediment, 2023-08-25,21.75,21.84,11.52,0.09,10.32,0.9,N/A
N/A,EV_009_INC-W4,10.58052/IEWDR023G,Sediment, 2023-08-29,21.49,21.84,11.52,0.35,10.32,0.9,N/A
N/A,EV_009_INC-W4,10.58052/IEWDR023G,Sediment, 2023-09-01,21.51,21.84,11.52,0.33,10.32,0.9,N/A
N/A,EV_009_INC-W4,10.58052/IEWDR023G,Sediment, 2023-09-05,21.47,21.84,11.52,0.37,10.32,0.9,N/A
N/A,EV_009_INC-W4,10.58052/IEWDR023G,Sediment, 2023-09-08,21.48,21.84,11.52,0.36,10.32,0.9,N/A
N/A,EV_009_INC-W4,10.58052/IEWDR023G,Sediment, 2023-09-12,21.36,21.84,11.52,0.48,10.32,0.9,N/A
N/A,EV_009_INC-W5,10.58052/IEWDR023G,Sediment, 2023-08-24,11.98,22.23,11.48,10.25,10.75,0.94,N/A
N/A,EV_009_INC-W5,10.58052/IEWDR023G,Sediment, 2023-08-25,22.13,22.23,11.48,0.1,10.75,0.94,N/A
N/A,EV_009_INC-W5,10.58052/IEWDR023G,Sediment, 2023-08-29,21.91,22.23,11.48,0.32,10.75,0.94,N/A
N/A,EV_009_INC-W5,10.58052/IEWDR023G,Sediment, 2023-09-01,21.95,22.23,11.48,0.28,10.75,0.94,N/A
N/A,EV_009_INC-W5,10.58052/IEWDR023G,Sediment, 2023-09-05,21.89,22.23,11.48,0.34,10.75,0.94,N/A
N/A,EV_009_INC-W5,10.58052/IEWDR023G,Sediment, 2023-09-08,21.95,22.23,11.48,0.28,10.75,0.94,N/A
N/A,EV_009_INC-W5,10.58052/IEWDR023G,Sediment, 2023-09-12,21.84,22.23,11.48,0.39,10.75,0.94,N/A
N/A,EV_010_INC-D1,10.58052/IEWDR023H,Sediment, 2023-08-24,19.97,-9999,8.16,-9999,11.81,1.45,N/A
N/A,EV_010_INC-D1,10.58052/IEWDR023H,Sediment, 2023-08-25,19.81,-9999,8.16,-9999,11.65,1.43,N/A
N/A,EV_010_INC-D1,10.58052/IEWDR023H,Sediment, 2023-08-29,19.16,-9999,8.16,-9999,11,1.35,N/A
N/A,EV_010_INC-D1,10.58052/IEWDR023H,Sediment, 2023-09-01,18.67,-9999,8.16,-9999,10.51,1.29,N/A
N/A,EV_010_INC-D1,10.58052/IEWDR023H,Sediment, 2023-09-05,18.23,-9999,8.16,-9999,10.07,1.23,N/A
N/A,EV_010_INC-D1,10.58052/IEWDR023H,Sediment, 2023-09-08,17.86,-9999,8.16,-9999,9.7,1.19,N/A
N/A,EV_010_INC-D1,10.58052/IEWDR023H,Sediment, 2023-09-12,16.92,-9999,8.16,-9999,8.76,1.07,N/A
N/A,EV_010_INC-D2,10.58052/IEWDR023H,Sediment, 2023-08-24,20.01,-9999,8.18,-9999,11.83,1.45,N/A
N/A,EV_010_INC-D2,10.58052/IEWDR023H,Sediment, 2023-08-25,19.86,-9999,8.18,-9999,11.68,1.43,N/A
N/A,EV_010_INC-D2,10.58052/IEWDR023H,Sediment, 2023-08-29,19.45,-9999,8.18,-9999,11.27,1.38,N/A
N/A,EV_010_INC-D2,10.58052/IEWDR023H,Sediment, 2023-09-01,18.93,-9999,8.18,-9999,10.75,1.31,N/A
N/A,EV_010_INC-D2,10.58052/IEWDR023H,Sediment, 2023-09-05,18.27,-9999,8.18,-9999,10.09,1.23,N/A
N/A,EV_010_INC-D2,10.58052/IEWDR023H,Sediment, 2023-09-08,17.87,-9999,8.18,-9999,9.69,1.19,N/A
N/A,EV_010_INC-D2,10.58052/IEWDR023H,Sediment, 2023-09-12,17.42,-9999,8.18,-9999,9.24,1.13,N/A
N/A,EV_010_INC-D3,10.58052/IEWDR023H,Sediment, 2023-08-24,19.95,-9999,8.15,-9999,11.8,1.45,N/A
N/A,EV_010_INC-D3,10.58052/IEWDR023H,Sediment, 2023-08-25,19.75,-9999,8.15,-9999,11.6,1.42,N/A
N/A,EV_010_INC-D3,10.58052/IEWDR023H,Sediment, 2023-08-29,19.29,-9999,8.15,-9999,11.14,1.37,N/A
N/A,EV_010_INC-D3,10.58052/IEWDR023H,Sediment, 2023-09-01,18.97,-9999,8.15,-9999,10.82,1.33,N/A
N/A,EV_010_INC-D3,10.58052/IEWDR023H,Sediment, 2023-09-05,18.63,-9999,8.15,-9999,10.48,1.28,N/A
N/A,EV_010_INC-D3,10.58052/IEWDR023H,Sediment, 2023-09-08,18.31,-9999,8.15,-9999,10.16,1.25,N/A
N/A,EV_010_INC-D3,10.58052/IEWDR023H,Sediment, 2023-09-12,17.88,-9999,8.15,-9999,9.73,1.19,N/A
N/A,EV_010_INC-D4,10.58052/IEWDR023H,Sediment, 2023-08-24,19.95,-9999,8.15,-9999,11.8,1.45,N/A
N/A,EV_010_INC-D4,10.58052/IEWDR023H,Sediment, 2023-08-25,19.84,-9999,8.15,-9999,11.69,1.43,N/A
N/A,EV_010_INC-D4,10.58052/IEWDR023H,Sediment, 2023-08-29,19.5,-9999,8.15,-9999,11.35,1.39,N/A
N/A,EV_010_INC-D4,10.58052/IEWDR023H,Sediment, 2023-09-01,19.21,-9999,8.15,-9999,11.06,1.36,N/A
N/A,EV_010_INC-D4,10.58052/IEWDR023H,Sediment, 2023-09-05,18.89,-9999,8.15,-9999,10.74,1.32,N/A
N/A,EV_010_INC-D4,10.58052/IEWDR023H,Sediment, 2023-09-08,18.59,-9999,8.15,-9999,10.44,1.28,N/A
N/A,EV_010_INC-D4,10.58052/IEWDR023H,Sediment, 2023-09-12,18.14,-9999,8.15,-9999,9.99,1.22,N/A
N/A,EV_010_INC-D5,10.58052/IEWDR023H,Sediment, 2023-08-24,19.95,-9999,8.15,-9999,11.8,1.45,N/A
N/A,EV_010_INC-D5,10.58052/IEWDR023H,Sediment, 2023-08-25,19.8,-9999,8.15,-9999,11.65,1.43,N/A
N/A,EV_010_INC-D5,10.58052/IEWDR023H,Sediment, 2023-08-29,19.43,-9999,8.15,-9999,11.28,1.38,N/A
N/A,EV_010_INC-D5,10.58052/IEWDR023H,Sediment, 2023-09-01,19.12,-9999,8.15,-9999,10.97,1.34,N/A
N/A,EV_010_INC-D5,10.58052/IEWDR023H,Sediment, 2023-09-05,18.78,-9999,8.15,-9999,10.63,1.3,N/A
N/A,EV_010_INC-D5,10.58052/IEWDR023H,Sediment, 2023-09-08,18.44,-9999,8.15,-9999,10.29,1.26,N/A
N/A,EV_010_INC-D5,10.58052/IEWDR023H,Sediment, 2023-09-12,17.98,-9999,8.15,-9999,9.83,1.21,N/A
N/A,EV_010_INC-W1,10.58052/IEWDR023H,Sediment, 2023-08-24,20.02,23.83,8.18,3.81,15.65,1.91,N/A
N/A,EV_010_INC-W1,10.58052/IEWDR023H,Sediment, 2023-08-25,23.72,23.83,8.18,0.11,15.65,1.91,N/A
N/A,EV_010_INC-W1,10.58052/IEWDR023H,Sediment, 2023-08-29,23.46,23.83,8.18,0.37,15.65,1.91,N/A
N/A,EV_010_INC-W1,10.58052/IEWDR023H,Sediment, 2023-09-01,23.48,23.83,8.18,0.35,15.65,1.91,N/A
N/A,EV_010_INC-W1,10.58052/IEWDR023H,Sediment, 2023-09-05,23.47,23.83,8.18,0.36,15.65,1.91,N/A
N/A,EV_010_INC-W1,10.58052/IEWDR023H,Sediment, 2023-09-08,23.51,23.83,8.18,0.32,15.65,1.91,N/A
N/A,EV_010_INC-W1,10.58052/IEWDR023H,Sediment, 2023-09-12,23.38,23.83,8.18,0.45,15.65,1.91,N/A
N/A,EV_010_INC-W2,10.58052/IEWDR023H,Sediment, 2023-08-24,20.01,23.91,8.18,3.9,15.73,1.92,N/A
N/A,EV_010_INC-W2,10.58052/IEWDR023H,Sediment, 2023-08-25,23.8,23.91,8.18,0.11,15.73,1.92,N/A
N/A,EV_010_INC-W2,10.58052/IEWDR023H,Sediment, 2023-08-29,23.54,23.91,8.18,0.37,15.73,1.92,N/A
N/A,EV_010_INC-W2,10.58052/IEWDR023H,Sediment, 2023-09-01,23.55,23.9,8.18,0.35,15.72,1.92,N/A
N/A,EV_010_INC-W2,10.58052/IEWDR023H,Sediment, 2023-09-05,23.51,23.9,8.18,0.39,15.72,1.92,N/A
N/A,EV_010_INC-W2,10.58052/IEWDR023H,Sediment, 2023-09-08,23.53,23.91,8.18,0.38,15.73,1.92,N/A
N/A,EV_010_INC-W2,10.58052/IEWDR023H,Sediment, 2023-09-12,23.42,23.9,8.18,0.48,15.72,1.92,N/A
N/A,EV_010_INC-W3,10.58052/IEWDR023H,Sediment, 2023-08-24,20.02,24.06,8.18,4.04,15.88,1.94,N/A
N/A,EV_010_INC-W3,10.58052/IEWDR023H,Sediment, 2023-08-25,23.92,24.06,8.18,0.14,15.88,1.94,N/A
N/A,EV_010_INC-W3,10.58052/IEWDR023H,Sediment, 2023-08-29,23.54,24.06,8.18,0.52,15.88,1.94,N/A
N/A,EV_010_INC-W3,10.58052/IEWDR023H,Sediment, 2023-09-01,23.68,24.06,8.18,0.38,15.88,1.94,N/A
N/A,EV_010_INC-W3,10.58052/IEWDR023H,Sediment, 2023-09-05,23.65,24.05,8.18,0.4,15.87,1.94,N/A
N/A,EV_010_INC-W3,10.58052/IEWDR023H,Sediment, 2023-09-08,23.65,24.08,8.18,0.43,15.9,1.94,N/A
N/A,EV_010_INC-W3,10.58052/IEWDR023H,Sediment, 2023-09-12,23.48,24.06,8.18,0.58,15.88,1.94,N/A
N/A,EV_010_INC-W4,10.58052/IEWDR023H,Sediment, 2023-08-24,20.05,24.03,8.19,3.98,15.84,1.93,N/A
N/A,EV_010_INC-W4,10.58052/IEWDR023H,Sediment, 2023-08-25,23.82,24.03,8.19,0.21,15.84,1.93,N/A
N/A,EV_010_INC-W4,10.58052/IEWDR023H,Sediment, 2023-08-29,23.64,24.02,8.19,0.38,15.83,1.93,N/A
N/A,EV_010_INC-W4,10.58052/IEWDR023H,Sediment, 2023-09-01,23.68,24.03,8.19,0.35,15.84,1.93,N/A
N/A,EV_010_INC-W4,10.58052/IEWDR023H,Sediment, 2023-09-05,23.65,24.03,8.19,0.38,15.84,1.93,N/A
N/A,EV_010_INC-W4,10.58052/IEWDR023H,Sediment, 2023-09-08,23.67,24.03,8.19,0.36,15.84,1.93,N/A
N/A,EV_010_INC-W4,10.58052/IEWDR023H,Sediment, 2023-09-12,23.51,24.02,8.19,0.51,15.83,1.93,N/A
N/A,EV_010_INC-W5,10.58052/IEWDR023H,Sediment, 2023-08-24,20.03,23.58,8.19,3.55,15.39,1.88,N/A
N/A,EV_010_INC-W5,10.58052/IEWDR023H,Sediment, 2023-08-25,23.47,23.58,8.19,0.11,15.39,1.88,N/A
N/A,EV_010_INC-W5,10.58052/IEWDR023H,Sediment, 2023-08-29,23.22,23.58,8.19,0.36,15.39,1.88,N/A
N/A,EV_010_INC-W5,10.58052/IEWDR023H,Sediment, 2023-09-01,23.26,23.58,8.19,0.32,15.39,1.88,N/A
N/A,EV_010_INC-W5,10.58052/IEWDR023H,Sediment, 2023-09-05,23.21,23.58,8.19,0.37,15.39,1.88,N/A
N/A,EV_010_INC-W5,10.58052/IEWDR023H,Sediment, 2023-09-08,23.22,23.57,8.19,0.35,15.38,1.88,N/A
N/A,EV_010_INC-W5,10.58052/IEWDR023H,Sediment, 2023-09-12,23.04,23.58,8.19,0.54,15.39,1.88,N/A
N/A,EV_011_INC-D1,10.58052/IEWDR023I,Sediment, 2023-09-07,20.08,-9999,15.29,-9999,4.79,0.31,N/A
N/A,EV_011_INC-D1,10.58052/IEWDR023I,Sediment, 2023-09-08,19.92,-9999,15.29,-9999,4.63,0.3,N/A
N/A,EV_011_INC-D1,10.58052/IEWDR023I,Sediment, 2023-09-12,19.51,-9999,15.29,-9999,4.22,0.28,N/A
N/A,EV_011_INC-D1,10.58052/IEWDR023I,Sediment, 2023-09-15,19.29,-9999,15.29,-9999,4,0.26,N/A
N/A,EV_011_INC-D1,10.58052/IEWDR023I,Sediment, 2023-09-19,18.86,-9999,15.29,-9999,3.57,0.23,N/A
N/A,EV_011_INC-D1,10.58052/IEWDR023I,Sediment, 2023-09-22,18.6,-9999,15.29,-9999,3.31,0.22,N/A
N/A,EV_011_INC-D1,10.58052/IEWDR023I,Sediment, 2023-09-26,18.24,-9999,15.29,-9999,2.95,0.19,N/A
N/A,EV_011_INC-D2,10.58052/IEWDR023I,Sediment, 2023-09-07,20.03,-9999,15.25,-9999,4.78,0.31,N/A
N/A,EV_011_INC-D2,10.58052/IEWDR023I,Sediment, 2023-09-08,19.86,-9999,15.25,-9999,4.61,0.3,N/A
N/A,EV_011_INC-D2,10.58052/IEWDR023I,Sediment, 2023-09-12,19.49,-9999,15.25,-9999,4.24,0.28,N/A
N/A,EV_011_INC-D2,10.58052/IEWDR023I,Sediment, 2023-09-15,19.24,-9999,15.25,-9999,3.99,0.26,N/A
N/A,EV_011_INC-D2,10.58052/IEWDR023I,Sediment, 2023-09-19,18.81,-9999,15.25,-9999,3.56,0.23,N/A
N/A,EV_011_INC-D2,10.58052/IEWDR023I,Sediment, 2023-09-22,18.55,-9999,15.25,-9999,3.3,0.22,N/A
N/A,EV_011_INC-D2,10.58052/IEWDR023I,Sediment, 2023-09-26,18.2,-9999,15.25,-9999,2.95,0.19,N/A
N/A,EV_011_INC-D3,10.58052/IEWDR023I,Sediment, 2023-09-07,20.07,-9999,15.28,-9999,4.79,0.31,N/A
N/A,EV_011_INC-D3,10.58052/IEWDR023I,Sediment, 2023-09-08,19.91,-9999,15.28,-9999,4.63,0.3,N/A
N/A,EV_011_INC-D3,10.58052/IEWDR023I,Sediment, 2023-09-12,19.22,-9999,15.28,-9999,3.94,0.26,N/A
N/A,EV_011_INC-D3,10.58052/IEWDR023I,Sediment, 2023-09-15,18.82,-9999,15.28,-9999,3.54,0.23,N/A
N/A,EV_011_INC-D3,10.58052/IEWDR023I,Sediment, 2023-09-19,18.26,-9999,15.28,-9999,2.98,0.19,N/A
N/A,EV_011_INC-D3,10.58052/IEWDR023I,Sediment, 2023-09-22,18.01,-9999,15.28,-9999,2.73,0.18,N/A
N/A,EV_011_INC-D3,10.58052/IEWDR023I,Sediment, 2023-09-26,17.64,-9999,15.28,-9999,2.36,0.15,N/A
N/A,EV_011_INC-D4,10.58052/IEWDR023I,Sediment, 2023-09-07,19.98,-9999,15.21,-9999,4.77,0.31,N/A
N/A,EV_011_INC-D4,10.58052/IEWDR023I,Sediment, 2023-09-08,19.83,-9999,15.21,-9999,4.62,0.3,N/A
N/A,EV_011_INC-D4,10.58052/IEWDR023I,Sediment, 2023-09-12,19.12,-9999,15.21,-9999,3.91,0.26,N/A
N/A,EV_011_INC-D4,10.58052/IEWDR023I,Sediment, 2023-09-15,18.76,-9999,15.21,-9999,3.55,0.23,N/A
N/A,EV_011_INC-D4,10.58052/IEWDR023I,Sediment, 2023-09-19,18.31,-9999,15.21,-9999,3.1,0.2,N/A
N/A,EV_011_INC-D4,10.58052/IEWDR023I,Sediment, 2023-09-22,18.01,-9999,15.21,-9999,2.8,0.18,N/A
N/A,EV_011_INC-D4,10.58052/IEWDR023I,Sediment, 2023-09-26,17.65,-9999,15.21,-9999,2.44,0.16,N/A
N/A,EV_011_INC-D5,10.58052/IEWDR023I,Sediment,-9999,-9999,-9999,-9999,-9999,-9999,-9999,INC_Method_001
N/A,EV_011_INC-W1,10.58052/IEWDR023I,Sediment, 2023-09-07,20.05,23.09,15.27,3.04,7.82,0.51,N/A
N/A,EV_011_INC-W1,10.58052/IEWDR023I,Sediment, 2023-09-08,22.98,23.09,15.27,0.11,7.82,0.51,N/A
N/A,EV_011_INC-W1,10.58052/IEWDR023I,Sediment, 2023-09-12,22.75,23.08,15.27,0.33,7.81,0.51,N/A
N/A,EV_011_INC-W1,10.58052/IEWDR023I,Sediment, 2023-09-15,22.81,23.1,15.27,0.29,7.83,0.51,N/A
N/A,EV_011_INC-W1,10.58052/IEWDR023I,Sediment, 2023-09-19,22.63,23.08,15.27,0.45,7.81,0.51,N/A
N/A,EV_011_INC-W1,10.58052/IEWDR023I,Sediment, 2023-09-22,22.8,23.09,15.27,0.29,7.82,0.51,N/A
N/A,EV_011_INC-W1,10.58052/IEWDR023I,Sediment, 2023-09-26,22.64,23.09,15.27,0.45,7.82,0.51,N/A
N/A,EV_011_INC-W2,10.58052/IEWDR023I,Sediment, 2023-09-07,19.94,22.94,15.18,3,7.76,0.51,N/A
N/A,EV_011_INC-W2,10.58052/IEWDR023I,Sediment, 2023-09-08,22.76,22.94,15.18,0.18,7.76,0.51,N/A
N/A,EV_011_INC-W2,10.58052/IEWDR023I,Sediment, 2023-09-12,22.43,22.94,15.18,0.51,7.76,0.51,N/A
N/A,EV_011_INC-W2,10.58052/IEWDR023I,Sediment, 2023-09-15,22.64,22.94,15.18,0.3,7.76,0.51,N/A
N/A,EV_011_INC-W2,10.58052/IEWDR023I,Sediment, 2023-09-19,22.5,22.94,15.18,0.44,7.76,0.51,N/A
N/A,EV_011_INC-W2,10.58052/IEWDR023I,Sediment, 2023-09-22,22.63,22.94,15.18,0.31,7.76,0.51,N/A
N/A,EV_011_INC-W2,10.58052/IEWDR023I,Sediment, 2023-09-26,22.51,22.95,15.18,0.44,7.77,0.51,N/A
N/A,EV_011_INC-W3,10.58052/IEWDR023I,Sediment, 2023-09-07,20.05,22.99,15.27,2.94,7.72,0.51,N/A
N/A,EV_011_INC-W3,10.58052/IEWDR023I,Sediment, 2023-09-08,22.81,22.98,15.27,0.17,7.71,0.51,N/A
N/A,EV_011_INC-W3,10.58052/IEWDR023I,Sediment, 2023-09-12,22.09,22.99,15.27,0.9,7.72,0.51,N/A
N/A,EV_011_INC-W3,10.58052/IEWDR023I,Sediment, 2023-09-15,22.55,22.99,15.27,0.44,7.72,0.51,N/A
N/A,EV_011_INC-W3,10.58052/IEWDR023I,Sediment, 2023-09-19,22.52,22.99,15.27,0.47,7.72,0.51,N/A
N/A,EV_011_INC-W3,10.58052/IEWDR023I,Sediment, 2023-09-22,22.67,22.99,15.27,0.32,7.72,0.51,N/A
N/A,EV_011_INC-W3,10.58052/IEWDR023I,Sediment, 2023-09-26,22.56,22.99,15.27,0.43,7.72,0.51,N/A
N/A,EV_011_INC-W4,10.58052/IEWDR023I,Sediment, 2023-09-07,20.01,22.98,15.24,2.97,7.74,0.51,N/A
N/A,EV_011_INC-W4,10.58052/IEWDR023I,Sediment, 2023-09-08,22.85,22.98,15.24,0.13,7.74,0.51,N/A
N/A,EV_011_INC-W4,10.58052/IEWDR023I,Sediment, 2023-09-12,22.38,22.98,15.24,0.6,7.74,0.51,N/A
N/A,EV_011_INC-W4,10.58052/IEWDR023I,Sediment, 2023-09-15,22.65,22.98,15.24,0.33,7.74,0.51,N/A
N/A,EV_011_INC-W4,10.58052/IEWDR023I,Sediment, 2023-09-19,22.51,22.98,15.24,0.47,7.74,0.51,N/A
N/A,EV_011_INC-W4,10.58052/IEWDR023I,Sediment, 2023-09-22,22.6,22.98,15.24,0.38,7.74,0.51,N/A
N/A,EV_011_INC-W4,10.58052/IEWDR023I,Sediment, 2023-09-26,22.36,22.97,15.24,0.61,7.73,0.51,N/A
N/A,EV_011_INC-W5,10.58052/IEWDR023I,Sediment,-9999,-9999,-9999,-9999,-9999,-9999,-9999,INC_Method_001
N/A,EV_013_INC-D1,10.58052/IEWDR023K,Sediment, 2023-09-07,20.02,-9999,13.68,-9999,6.34,0.46,N/A
N/A,EV_013_INC-D1,10.58052/IEWDR023K,Sediment, 2023-09-08,19.92,-9999,13.68,-9999,6.24,0.46,N/A
N/A,EV_013_INC-D1,10.58052/IEWDR023K,Sediment, 2023-09-12,19.58,-9999,13.68,-9999,5.9,0.43,N/A
N/A,EV_013_INC-D1,10.58052/IEWDR023K,Sediment, 2023-09-15,19.31,-9999,13.68,-9999,5.63,0.41,N/A
N/A,EV_013_INC-D1,10.58052/IEWDR023K,Sediment, 2023-09-19,18.88,-9999,13.68,-9999,5.2,0.38,N/A
N/A,EV_013_INC-D1,10.58052/IEWDR023K,Sediment, 2023-09-22,18.6,-9999,13.68,-9999,4.92,0.36,N/A
N/A,EV_013_INC-D1,10.58052/IEWDR023K,Sediment, 2023-09-26,18.22,-9999,13.68,-9999,4.54,0.33,N/A
N/A,EV_013_INC-D2,10.58052/IEWDR023K,Sediment, 2023-09-07,19.99,-9999,13.66,-9999,6.33,0.46,N/A
N/A,EV_013_INC-D2,10.58052/IEWDR023K,Sediment, 2023-09-08,19.91,-9999,13.66,-9999,6.25,0.46,N/A
N/A,EV_013_INC-D2,10.58052/IEWDR023K,Sediment, 2023-09-12,19.57,-9999,13.66,-9999,5.91,0.43,N/A
N/A,EV_013_INC-D2,10.58052/IEWDR023K,Sediment, 2023-09-15,19.35,-9999,13.66,-9999,5.69,0.42,N/A
N/A,EV_013_INC-D2,10.58052/IEWDR023K,Sediment, 2023-09-19,18.86,-9999,13.66,-9999,5.2,0.38,N/A
N/A,EV_013_INC-D2,10.58052/IEWDR023K,Sediment, 2023-09-22,18.55,-9999,13.66,-9999,4.89,0.36,N/A
N/A,EV_013_INC-D2,10.58052/IEWDR023K,Sediment, 2023-09-26,18.17,-9999,13.66,-9999,4.51,0.33,N/A
N/A,EV_013_INC-D3,10.58052/IEWDR023K,Sediment, 2023-09-07,20.03,-9999,13.69,-9999,6.34,0.46,N/A
N/A,EV_013_INC-D3,10.58052/IEWDR023K,Sediment, 2023-09-08,19.93,-9999,13.69,-9999,6.24,0.46,N/A
N/A,EV_013_INC-D3,10.58052/IEWDR023K,Sediment, 2023-09-12,19.6,-9999,13.69,-9999,5.91,0.43,N/A
N/A,EV_013_INC-D3,10.58052/IEWDR023K,Sediment, 2023-09-15,19.35,-9999,13.69,-9999,5.66,0.41,N/A
N/A,EV_013_INC-D3,10.58052/IEWDR023K,Sediment, 2023-09-19,18.96,-9999,13.69,-9999,5.27,0.39,N/A
N/A,EV_013_INC-D3,10.58052/IEWDR023K,Sediment, 2023-09-22,18.69,-9999,13.69,-9999,5,0.37,N/A
N/A,EV_013_INC-D3,10.58052/IEWDR023K,Sediment, 2023-09-26,18.31,-9999,13.69,-9999,4.62,0.34,N/A
N/A,EV_013_INC-D4,10.58052/IEWDR023K,Sediment,-9999,-9999,-9999,-9999,-9999,-9999,-9999,INC_Method_001
N/A,EV_013_INC-D5,10.58052/IEWDR023K,Sediment,-9999,-9999,-9999,-9999,-9999,-9999,-9999,INC_Method_001
N/A,EV_013_INC-W1,10.58052/IEWDR023K,Sediment, 2023-09-07,19.76,21.73,13.5,1.97,8.23,0.61,N/A
N/A,EV_013_INC-W1,10.58052/IEWDR023K,Sediment, 2023-09-08,21.65,21.74,13.5,0.09,8.24,0.61,N/A
N/A,EV_013_INC-W1,10.58052/IEWDR023K,Sediment, 2023-09-12,21.37,21.73,13.5,0.36,8.23,0.61,N/A
N/A,EV_013_INC-W1,10.58052/IEWDR023K,Sediment, 2023-09-15,21.46,21.73,13.5,0.27,8.23,0.61,N/A
N/A,EV_013_INC-W1,10.58052/IEWDR023K,Sediment, 2023-09-19,21.28,21.73,13.5,0.45,8.23,0.61,N/A
N/A,EV_013_INC-W1,10.58052/IEWDR023K,Sediment, 2023-09-22,21.4,21.73,13.5,0.33,8.23,0.61,N/A
N/A,EV_013_INC-W1,10.58052/IEWDR023K,Sediment, 2023-09-26,21.3,21.73,13.5,0.43,8.23,0.61,N/A
N/A,EV_013_INC-W2,10.58052/IEWDR023K,Sediment, 2023-09-07,20.32,23.08,13.89,2.76,9.19,0.66,N/A
N/A,EV_013_INC-W2,10.58052/IEWDR023K,Sediment, 2023-09-08,23.02,23.08,13.89,0.06,9.19,0.66,N/A
N/A,EV_013_INC-W2,10.58052/IEWDR023K,Sediment, 2023-09-12,22.76,23.08,13.89,0.32,9.19,0.66,N/A
N/A,EV_013_INC-W2,10.58052/IEWDR023K,Sediment, 2023-09-15,22.84,23.09,13.89,0.25,9.2,0.66,N/A
N/A,EV_013_INC-W2,10.58052/IEWDR023K,Sediment, 2023-09-19,22.69,23.08,13.89,0.39,9.19,0.66,N/A
N/A,EV_013_INC-W2,10.58052/IEWDR023K,Sediment, 2023-09-22,22.78,23.08,13.89,0.3,9.19,0.66,N/A
N/A,EV_013_INC-W2,10.58052/IEWDR023K,Sediment, 2023-09-26,22.75,23.08,13.89,0.33,9.19,0.66,N/A
N/A,EV_013_INC-W3,10.58052/IEWDR023K,Sediment, 2023-09-07,19.78,21.59,13.52,1.81,8.07,0.6,N/A
N/A,EV_013_INC-W3,10.58052/IEWDR023K,Sediment, 2023-09-08,21.48,21.59,13.52,0.11,8.07,0.6,N/A
N/A,EV_013_INC-W3,10.58052/IEWDR023K,Sediment, 2023-09-12,21.21,21.59,13.52,0.38,8.07,0.6,N/A
N/A,EV_013_INC-W3,10.58052/IEWDR023K,Sediment, 2023-09-15,21.29,21.59,13.52,0.3,8.07,0.6,N/A
N/A,EV_013_INC-W3,10.58052/IEWDR023K,Sediment, 2023-09-19,21.12,21.59,13.52,0.47,8.07,0.6,N/A
N/A,EV_013_INC-W3,10.58052/IEWDR023K,Sediment, 2023-09-22,21.22,21.59,13.52,0.37,8.07,0.6,N/A
N/A,EV_013_INC-W3,10.58052/IEWDR023K,Sediment, 2023-09-26,21.16,21.58,13.52,0.42,8.06,0.6,N/A
N/A,EV_013_INC-W4,10.58052/IEWDR023K,Sediment,-9999,-9999,-9999,-9999,-9999,-9999,-9999,INC_Method_001
N/A,EV_013_INC-W5,10.58052/IEWDR023K,Sediment,-9999,-9999,-9999,-9999,-9999,-9999,-9999,INC_Method_001
N/A,EV_014_INC-D1,10.58052/IEWDR023L,Sediment, 2023-09-07,14.97,-9999,14.21,-9999,0.76,0.05,N/A
N/A,EV_014_INC-D1,10.58052/IEWDR023L,Sediment, 2023-09-08,14.95,-9999,14.21,-9999,0.74,0.05,N/A
N/A,EV_014_INC-D1,10.58052/IEWDR023L,Sediment, 2023-09-12,14.83,-9999,14.21,-9999,0.62,0.04,N/A
N/A,EV_014_INC-D1,10.58052/IEWDR023L,Sediment, 2023-09-15,14.77,-9999,14.21,-9999,0.56,0.04,N/A
N/A,EV_014_INC-D1,10.58052/IEWDR023L,Sediment, 2023-09-19,14.69,-9999,14.21,-9999,0.48,0.03,N/A
N/A,EV_014_INC-D1,10.58052/IEWDR023L,Sediment, 2023-09-22,14.67,-9999,14.21,-9999,0.46,0.03,N/A
N/A,EV_014_INC-D1,10.58052/IEWDR023L,Sediment, 2023-09-26,14.69,-9999,14.21,-9999,0.48,0.03,N/A
N/A,EV_014_INC-D2,10.58052/IEWDR023L,Sediment, 2023-09-07,15,-9999,14.24,-9999,0.76,0.05,N/A
N/A,EV_014_INC-D2,10.58052/IEWDR023L,Sediment, 2023-09-08,14.96,-9999,14.24,-9999,0.72,0.05,N/A
N/A,EV_014_INC-D2,10.58052/IEWDR023L,Sediment, 2023-09-12,14.84,-9999,14.24,-9999,0.6,0.04,N/A
N/A,EV_014_INC-D2,10.58052/IEWDR023L,Sediment, 2023-09-15,14.79,-9999,14.24,-9999,0.55,0.04,N/A
N/A,EV_014_INC-D2,10.58052/IEWDR023L,Sediment, 2023-09-19,14.72,-9999,14.24,-9999,0.48,0.03,N/A
N/A,EV_014_INC-D2,10.58052/IEWDR023L,Sediment, 2023-09-22,14.69,-9999,14.24,-9999,0.45,0.03,N/A
N/A,EV_014_INC-D2,10.58052/IEWDR023L,Sediment, 2023-09-26,14.7,-9999,14.24,-9999,0.46,0.03,N/A
N/A,EV_014_INC-D3,10.58052/IEWDR023L,Sediment, 2023-09-07,15,-9999,14.24,-9999,0.76,0.05,N/A
N/A,EV_014_INC-D3,10.58052/IEWDR023L,Sediment, 2023-09-08,14.97,-9999,14.24,-9999,0.73,0.05,N/A
N/A,EV_014_INC-D3,10.58052/IEWDR023L,Sediment, 2023-09-12,14.85,-9999,14.24,-9999,0.61,0.04,N/A
N/A,EV_014_INC-D3,10.58052/IEWDR023L,Sediment, 2023-09-15,14.8,-9999,14.24,-9999,0.56,0.04,N/A
N/A,EV_014_INC-D3,10.58052/IEWDR023L,Sediment, 2023-09-19,14.71,-9999,14.24,-9999,0.47,0.03,N/A
N/A,EV_014_INC-D3,10.58052/IEWDR023L,Sediment, 2023-09-22,14.69,-9999,14.24,-9999,0.45,0.03,N/A
N/A,EV_014_INC-D3,10.58052/IEWDR023L,Sediment, 2023-09-26,14.7,-9999,14.24,-9999,0.46,0.03,N/A
N/A,EV_014_INC-D4,10.58052/IEWDR023L,Sediment, 2023-09-07,14.96,-9999,14.2,-9999,0.76,0.05,N/A
N/A,EV_014_INC-D4,10.58052/IEWDR023L,Sediment, 2023-09-08,14.93,-9999,14.2,-9999,0.73,0.05,N/A
N/A,EV_014_INC-D4,10.58052/IEWDR023L,Sediment, 2023-09-12,14.81,-9999,14.2,-9999,0.61,0.04,N/A
N/A,EV_014_INC-D4,10.58052/IEWDR023L,Sediment, 2023-09-15,14.75,-9999,14.2,-9999,0.55,0.04,N/A
N/A,EV_014_INC-D4,10.58052/IEWDR023L,Sediment, 2023-09-19,14.67,-9999,14.2,-9999,0.47,0.03,N/A
N/A,EV_014_INC-D4,10.58052/IEWDR023L,Sediment, 2023-09-22,14.63,-9999,14.2,-9999,0.43,0.03,N/A
N/A,EV_014_INC-D4,10.58052/IEWDR023L,Sediment, 2023-09-26,14.65,-9999,14.2,-9999,0.45,0.03,N/A
N/A,EV_014_INC-D5,10.58052/IEWDR023L,Sediment, 2023-09-07,14.96,-9999,14.2,-9999,0.76,0.05,N/A
N/A,EV_014_INC-D5,10.58052/IEWDR023L,Sediment, 2023-09-08,14.93,-9999,14.2,-9999,0.73,0.05,N/A
N/A,EV_014_INC-D5,10.58052/IEWDR023L,Sediment, 2023-09-12,14.8,-9999,14.2,-9999,0.6,0.04,N/A
N/A,EV_014_INC-D5,10.58052/IEWDR023L,Sediment, 2023-09-15,14.73,-9999,14.2,-9999,0.53,0.04,N/A
N/A,EV_014_INC-D5,10.58052/IEWDR023L,Sediment, 2023-09-19,14.67,-9999,14.2,-9999,0.47,0.03,N/A
N/A,EV_014_INC-D5,10.58052/IEWDR023L,Sediment, 2023-09-22,14.64,-9999,14.2,-9999,0.44,0.03,N/A
N/A,EV_014_INC-D5,10.58052/IEWDR023L,Sediment, 2023-09-26,14.65,-9999,14.2,-9999,0.45,0.03,N/A
N/A,EV_014_INC-W1,10.58052/IEWDR023L,Sediment, 2023-09-07,14.95,28.55,14.19,13.6,14.36,1.01,N/A
N/A,EV_014_INC-W1,10.58052/IEWDR023L,Sediment, 2023-09-08,28.45,28.55,14.19,0.1,14.36,1.01,N/A
N/A,EV_014_INC-W1,10.58052/IEWDR023L,Sediment, 2023-09-12,28.12,28.55,14.19,0.43,14.36,1.01,N/A
N/A,EV_014_INC-W1,10.58052/IEWDR023L,Sediment, 2023-09-15,28.21,28.55,14.19,0.34,14.36,1.01,N/A
N/A,EV_014_INC-W1,10.58052/IEWDR023L,Sediment, 2023-09-19,28.01,28.55,14.19,0.54,14.36,1.01,N/A
N/A,EV_014_INC-W1,10.58052/IEWDR023L,Sediment, 2023-09-22,28.15,28.55,14.19,0.4,14.36,1.01,N/A
N/A,EV_014_INC-W1,10.58052/IEWDR023L,Sediment, 2023-09-26,28.03,28.55,14.19,0.52,14.36,1.01,N/A
N/A,EV_014_INC-W2,10.58052/IEWDR023L,Sediment, 2023-09-07,15,28.39,14.24,13.39,14.15,0.99,N/A
N/A,EV_014_INC-W2,10.58052/IEWDR023L,Sediment, 2023-09-08,28.29,28.38,14.24,0.09,14.14,0.99,N/A
N/A,EV_014_INC-W2,10.58052/IEWDR023L,Sediment, 2023-09-12,27.98,28.39,14.24,0.41,14.15,0.99,N/A
N/A,EV_014_INC-W2,10.58052/IEWDR023L,Sediment, 2023-09-15,28.13,28.39,14.24,0.26,14.15,0.99,N/A
N/A,EV_014_INC-W2,10.58052/IEWDR023L,Sediment, 2023-09-19,27.95,28.39,14.24,0.44,14.15,0.99,N/A
N/A,EV_014_INC-W2,10.58052/IEWDR023L,Sediment, 2023-09-22,28.03,28.39,14.24,0.36,14.15,0.99,N/A
N/A,EV_014_INC-W2,10.58052/IEWDR023L,Sediment, 2023-09-26,27.88,28.38,14.24,0.5,14.14,0.99,N/A
N/A,EV_014_INC-W3,10.58052/IEWDR023L,Sediment, 2023-09-07,14.95,28.33,14.19,13.38,14.14,1,N/A
N/A,EV_014_INC-W3,10.58052/IEWDR023L,Sediment, 2023-09-08,28.24,28.33,14.19,0.09,14.14,1,N/A
N/A,EV_014_INC-W3,10.58052/IEWDR023L,Sediment, 2023-09-12,27.91,28.33,14.19,0.42,14.14,1,N/A
N/A,EV_014_INC-W3,10.58052/IEWDR023L,Sediment, 2023-09-15,28.05,28.33,14.19,0.28,14.14,1,N/A
N/A,EV_014_INC-W3,10.58052/IEWDR023L,Sediment, 2023-09-19,27.85,28.33,14.19,0.48,14.14,1,N/A
N/A,EV_014_INC-W3,10.58052/IEWDR023L,Sediment, 2023-09-22,27.98,28.33,14.19,0.35,14.14,1,N/A
N/A,EV_014_INC-W3,10.58052/IEWDR023L,Sediment, 2023-09-26,27.84,28.32,14.19,0.48,14.13,1,N/A
N/A,EV_014_INC-W4,10.58052/IEWDR023L,Sediment, 2023-09-07,15.08,28.34,14.32,13.26,14.02,0.98,N/A
N/A,EV_014_INC-W4,10.58052/IEWDR023L,Sediment, 2023-09-08,28.25,28.34,14.32,0.09,14.02,0.98,N/A
N/A,EV_014_INC-W4,10.58052/IEWDR023L,Sediment, 2023-09-12,27.89,28.34,14.32,0.45,14.02,0.98,N/A
N/A,EV_014_INC-W4,10.58052/IEWDR023L,Sediment, 2023-09-15,28.02,28.34,14.32,0.32,14.02,0.98,N/A
N/A,EV_014_INC-W4,10.58052/IEWDR023L,Sediment, 2023-09-19,27.81,28.34,14.32,0.53,14.02,0.98,N/A
N/A,EV_014_INC-W4,10.58052/IEWDR023L,Sediment, 2023-09-22,27.99,28.34,14.32,0.35,14.02,0.98,N/A
N/A,EV_014_INC-W4,10.58052/IEWDR023L,Sediment, 2023-09-26,27.81,28.34,14.32,0.53,14.02,0.98,N/A
N/A,EV_014_INC-W5,10.58052/IEWDR023L,Sediment, 2023-09-07,15,28.39,14.24,13.39,14.15,0.99,N/A
N/A,EV_014_INC-W5,10.58052/IEWDR023L,Sediment, 2023-09-08,28.29,28.39,14.24,0.1,14.15,0.99,N/A
N/A,EV_014_INC-W5,10.58052/IEWDR023L,Sediment, 2023-09-12,27.99,28.39,14.24,0.4,14.15,0.99,N/A
N/A,EV_014_INC-W5,10.58052/IEWDR023L,Sediment, 2023-09-15,28.09,28.39,14.24,0.3,14.15,0.99,N/A
N/A,EV_014_INC-W5,10.58052/IEWDR023L,Sediment, 2023-09-19,27.89,28.38,14.24,0.49,14.14,0.99,N/A
N/A,EV_014_INC-W5,10.58052/IEWDR023L,Sediment, 2023-09-22,28.07,28.38,14.24,0.31,14.14,0.99,N/A
N/A,EV_014_INC-W5,10.58052/IEWDR023L,Sediment, 2023-09-26,27.78,28.39,14.24,0.61,14.15,0.99,N/A
N/A,EV_016_INC-D1,10.58052/IEWDR023N,Sediment, 2023-09-14,20.04,-9999,4.5,-9999,15.54,3.45,N/A
N/A,EV_016_INC-D1,10.58052/IEWDR023N,Sediment, 2023-09-15,19.89,-9999,4.5,-9999,15.39,3.42,N/A
N/A,EV_016_INC-D1,10.58052/IEWDR023N,Sediment, 2023-09-19,19.35,-9999,4.5,-9999,14.85,3.3,N/A
N/A,EV_016_INC-D1,10.58052/IEWDR023N,Sediment, 2023-09-22,19.07,-9999,4.5,-9999,14.57,3.23,N/A
N/A,EV_016_INC-D1,10.58052/IEWDR023N,Sediment, 2023-09-26,18.65,-9999,4.5,-9999,14.15,3.14,N/A
N/A,EV_016_INC-D1,10.58052/IEWDR023N,Sediment, 2023-09-29,18.29,-9999,4.5,-9999,13.79,3.06,N/A
N/A,EV_016_INC-D1,10.58052/IEWDR023N,Sediment, 2023-10-03,17.79,-9999,4.5,-9999,13.29,2.95,N/A
N/A,EV_016_INC-D2,10.58052/IEWDR023N,Sediment, 2023-09-14,19.94,-9999,4.48,-9999,15.46,3.45,N/A
N/A,EV_016_INC-D2,10.58052/IEWDR023N,Sediment, 2023-09-15,19.78,-9999,4.48,-9999,15.3,3.41,N/A
N/A,EV_016_INC-D2,10.58052/IEWDR023N,Sediment, 2023-09-19,18.72,-9999,4.48,-9999,14.24,3.18,N/A
N/A,EV_016_INC-D2,10.58052/IEWDR023N,Sediment, 2023-09-22,17.98,-9999,4.48,-9999,13.5,3.01,N/A
N/A,EV_016_INC-D2,10.58052/IEWDR023N,Sediment, 2023-09-26,17.16,-9999,4.48,-9999,12.68,2.83,N/A
N/A,EV_016_INC-D2,10.58052/IEWDR023N,Sediment, 2023-09-29,16.51,-9999,4.48,-9999,12.03,2.68,N/A
N/A,EV_016_INC-D2,10.58052/IEWDR023N,Sediment, 2023-10-03,15.67,-9999,4.48,-9999,11.19,2.5,N/A
N/A,EV_016_INC-D3,10.58052/IEWDR023N,Sediment, 2023-09-14,19.89,-9999,4.47,-9999,15.42,3.45,N/A
N/A,EV_016_INC-D3,10.58052/IEWDR023N,Sediment, 2023-09-15,19.77,-9999,4.47,-9999,15.3,3.42,N/A
N/A,EV_016_INC-D3,10.58052/IEWDR023N,Sediment, 2023-09-19,18.61,-9999,4.47,-9999,14.14,3.16,N/A
N/A,EV_016_INC-D3,10.58052/IEWDR023N,Sediment, 2023-09-22,17.74,-9999,4.47,-9999,13.27,2.97,N/A
N/A,EV_016_INC-D3,10.58052/IEWDR023N,Sediment, 2023-09-26,16.94,-9999,4.47,-9999,12.47,2.79,N/A
N/A,EV_016_INC-D3,10.58052/IEWDR023N,Sediment, 2023-09-29,16.51,-9999,4.47,-9999,12.04,2.69,N/A
N/A,EV_016_INC-D3,10.58052/IEWDR023N,Sediment, 2023-10-03,15.92,-9999,4.47,-9999,11.45,2.56,N/A
N/A,EV_016_INC-D4,10.58052/IEWDR023N,Sediment, 2023-09-14,20.07,-9999,4.51,-9999,15.56,3.45,N/A
N/A,EV_016_INC-D4,10.58052/IEWDR023N,Sediment, 2023-09-15,19.94,-9999,4.51,-9999,15.43,3.42,N/A
N/A,EV_016_INC-D4,10.58052/IEWDR023N,Sediment, 2023-09-19,19.38,-9999,4.51,-9999,14.87,3.3,N/A
N/A,EV_016_INC-D4,10.58052/IEWDR023N,Sediment, 2023-09-22,19.04,-9999,4.51,-9999,14.53,3.22,N/A
N/A,EV_016_INC-D4,10.58052/IEWDR023N,Sediment, 2023-09-26,18.62,-9999,4.51,-9999,14.11,3.13,N/A
N/A,EV_016_INC-D4,10.58052/IEWDR023N,Sediment, 2023-09-29,18.23,-9999,4.51,-9999,13.72,3.04,N/A
N/A,EV_016_INC-D4,10.58052/IEWDR023N,Sediment, 2023-10-03,17.69,-9999,4.51,-9999,13.18,2.92,N/A
N/A,EV_016_INC-D5,10.58052/IEWDR023N,Sediment, 2023-09-14,20.06,-9999,4.51,-9999,15.55,3.45,N/A
N/A,EV_016_INC-D5,10.58052/IEWDR023N,Sediment, 2023-09-15,19.93,-9999,4.51,-9999,15.42,3.42,N/A
N/A,EV_016_INC-D5,10.58052/IEWDR023N,Sediment, 2023-09-19,18.87,-9999,4.51,-9999,14.36,3.19,N/A
N/A,EV_016_INC-D5,10.58052/IEWDR023N,Sediment, 2023-09-22,18.39,-9999,4.51,-9999,13.88,3.08,N/A
N/A,EV_016_INC-D5,10.58052/IEWDR023N,Sediment, 2023-09-26,17.91,-9999,4.51,-9999,13.4,2.97,N/A
N/A,EV_016_INC-D5,10.58052/IEWDR023N,Sediment, 2023-09-29,17.32,-9999,4.51,-9999,12.81,2.84,N/A
N/A,EV_016_INC-D5,10.58052/IEWDR023N,Sediment, 2023-10-03,16.64,-9999,4.51,-9999,12.13,2.69,N/A
N/A,EV_016_INC-W1,10.58052/IEWDR023N,Sediment, 2023-09-14,20.23,23.3,4.55,3.07,18.75,4.13,N/A
N/A,EV_016_INC-W1,10.58052/IEWDR023N,Sediment, 2023-09-15,23.21,23.3,4.55,0.09,18.75,4.13,N/A
N/A,EV_016_INC-W1,10.58052/IEWDR023N,Sediment, 2023-09-19,22.87,23.3,4.55,0.43,18.75,4.13,N/A
N/A,EV_016_INC-W1,10.58052/IEWDR023N,Sediment, 2023-09-22,23.02,23.3,4.55,0.28,18.75,4.13,N/A
N/A,EV_016_INC-W1,10.58052/IEWDR023N,Sediment, 2023-09-26,22.8,23.29,4.55,0.49,18.74,4.12,N/A
N/A,EV_016_INC-W1,10.58052/IEWDR023N,Sediment, 2023-09-29,23.02,23.3,4.55,0.28,18.75,4.13,N/A
N/A,EV_016_INC-W1,10.58052/IEWDR023N,Sediment, 2023-10-03,22.85,23.3,4.55,0.45,18.75,4.13,N/A
N/A,EV_016_INC-W2,10.58052/IEWDR023N,Sediment, 2023-09-14,20.04,23.08,4.5,3.04,18.58,4.13,N/A
N/A,EV_016_INC-W2,10.58052/IEWDR023N,Sediment, 2023-09-15,22.95,23.08,4.5,0.13,18.58,4.13,N/A
N/A,EV_016_INC-W2,10.58052/IEWDR023N,Sediment, 2023-09-19,22.54,23.08,4.5,0.54,18.58,4.13,N/A
N/A,EV_016_INC-W2,10.58052/IEWDR023N,Sediment, 2023-09-22,22.61,23.08,4.5,0.47,18.58,4.13,N/A
N/A,EV_016_INC-W2,10.58052/IEWDR023N,Sediment, 2023-09-26,22.23,23.07,4.5,0.84,18.57,4.12,N/A
N/A,EV_016_INC-W2,10.58052/IEWDR023N,Sediment, 2023-09-29,22.28,23.07,4.5,0.79,18.57,4.12,N/A
N/A,EV_016_INC-W2,10.58052/IEWDR023N,Sediment, 2023-10-03,22.44,23.08,4.5,0.64,18.58,4.13,N/A
N/A,EV_016_INC-W3,10.58052/IEWDR023N,Sediment, 2023-09-14,20.03,23.1,4.5,3.07,18.6,4.13,N/A
N/A,EV_016_INC-W3,10.58052/IEWDR023N,Sediment, 2023-09-15,22.96,23.1,4.5,0.14,18.6,4.13,N/A
N/A,EV_016_INC-W3,10.58052/IEWDR023N,Sediment, 2023-09-19,22.58,23.1,4.5,0.52,18.6,4.13,N/A
N/A,EV_016_INC-W3,10.58052/IEWDR023N,Sediment, 2023-09-22,22.71,23.1,4.5,0.39,18.6,4.13,N/A
N/A,EV_016_INC-W3,10.58052/IEWDR023N,Sediment, 2023-09-26,22.56,23.09,4.5,0.53,18.59,4.13,N/A
N/A,EV_016_INC-W3,10.58052/IEWDR023N,Sediment, 2023-09-29,22.63,23.1,4.5,0.47,18.6,4.13,N/A
N/A,EV_016_INC-W3,10.58052/IEWDR023N,Sediment, 2023-10-03,22.65,23.1,4.5,0.45,18.6,4.13,N/A
N/A,EV_016_INC-W4,10.58052/IEWDR023N,Sediment, 2023-09-14,19.97,23.09,4.49,3.12,18.6,4.15,N/A
N/A,EV_016_INC-W4,10.58052/IEWDR023N,Sediment, 2023-09-15,22.97,23.1,4.49,0.13,18.61,4.15,N/A
N/A,EV_016_INC-W4,10.58052/IEWDR023N,Sediment, 2023-09-19,22.68,23.09,4.49,0.41,18.6,4.15,N/A
N/A,EV_016_INC-W4,10.58052/IEWDR023N,Sediment, 2023-09-22,22.78,23.09,4.49,0.31,18.6,4.15,N/A
N/A,EV_016_INC-W4,10.58052/IEWDR023N,Sediment, 2023-09-26,22.68,23.09,4.49,0.41,18.6,4.15,N/A
N/A,EV_016_INC-W4,10.58052/IEWDR023N,Sediment, 2023-09-29,22.7,23.09,4.49,0.39,18.6,4.15,N/A
N/A,EV_016_INC-W4,10.58052/IEWDR023N,Sediment, 2023-10-03,22.44,23.09,4.49,0.65,18.6,4.15,N/A
N/A,EV_016_INC-W5,10.58052/IEWDR023N,Sediment, 2023-09-14,20.09,23.19,4.51,3.1,18.68,4.14,N/A
N/A,EV_016_INC-W5,10.58052/IEWDR023N,Sediment, 2023-09-15,23.09,23.19,4.51,0.1,18.68,4.14,N/A
N/A,EV_016_INC-W5,10.58052/IEWDR023N,Sediment, 2023-09-19,22.68,23.19,4.51,0.51,18.68,4.14,N/A
N/A,EV_016_INC-W5,10.58052/IEWDR023N,Sediment, 2023-09-22,22.82,23.19,4.51,0.37,18.68,4.14,N/A
N/A,EV_016_INC-W5,10.58052/IEWDR023N,Sediment, 2023-09-26,22.57,23.18,4.51,0.61,18.67,4.13,N/A
N/A,EV_016_INC-W5,10.58052/IEWDR023N,Sediment, 2023-09-29,22.88,23.19,4.51,0.31,18.68,4.14,N/A
N/A,EV_016_INC-W5,10.58052/IEWDR023N,Sediment, 2023-10-03,22.61,23.19,4.51,0.58,18.68,4.14,N/A
N/A,EV_017_INC-D1,10.58052/IEWDR023O,Sediment, 2024-01-11,20.09,-9999,8.86,-9999,11.23,1.27,N/A
N/A,EV_017_INC-D1,10.58052/IEWDR023O,Sediment, 2024-01-12,19.95,-9999,8.86,-9999,11.09,1.25,N/A
N/A,EV_017_INC-D1,10.58052/IEWDR023O,Sediment, 2024-01-16,19.51,-9999,8.86,-9999,10.65,1.2,N/A
N/A,EV_017_INC-D1,10.58052/IEWDR023O,Sediment, 2024-01-19,19.22,-9999,8.86,-9999,10.36,1.17,N/A
N/A,EV_017_INC-D1,10.58052/IEWDR023O,Sediment, 2024-01-23,18.8,-9999,8.86,-9999,9.94,1.12,N/A
N/A,EV_017_INC-D1,10.58052/IEWDR023O,Sediment, 2024-01-26,18.46,-9999,8.86,-9999,9.6,1.08,N/A
N/A,EV_017_INC-D1,10.58052/IEWDR023O,Sediment, 2024-01-30,17.88,-9999,8.86,-9999,9.02,1.02,N/A
N/A,EV_017_INC-D2,10.58052/IEWDR023O,Sediment, 2024-01-11,20,-9999,8.82,-9999,11.18,1.27,N/A
N/A,EV_017_INC-D2,10.58052/IEWDR023O,Sediment, 2024-01-12,19.89,-9999,8.82,-9999,11.07,1.25,N/A
N/A,EV_017_INC-D2,10.58052/IEWDR023O,Sediment, 2024-01-16,19.36,-9999,8.82,-9999,10.54,1.19,N/A
N/A,EV_017_INC-D2,10.58052/IEWDR023O,Sediment, 2024-01-19,18.98,-9999,8.82,-9999,10.16,1.15,N/A
N/A,EV_017_INC-D2,10.58052/IEWDR023O,Sediment, 2024-01-23,18.48,-9999,8.82,-9999,9.66,1.09,N/A
N/A,EV_017_INC-D2,10.58052/IEWDR023O,Sediment, 2024-01-26,18.04,-9999,8.82,-9999,9.22,1.04,N/A
N/A,EV_017_INC-D2,10.58052/IEWDR023O,Sediment, 2024-01-30,17.46,-9999,8.82,-9999,8.64,0.98,N/A
N/A,EV_017_INC-D3,10.58052/IEWDR023O,Sediment, 2024-01-11,19.99,-9999,8.82,-9999,11.17,1.27,N/A
N/A,EV_017_INC-D3,10.58052/IEWDR023O,Sediment, 2024-01-12,19.88,-9999,8.82,-9999,11.06,1.25,N/A
N/A,EV_017_INC-D3,10.58052/IEWDR023O,Sediment, 2024-01-16,19.38,-9999,8.82,-9999,10.56,1.2,N/A
N/A,EV_017_INC-D3,10.58052/IEWDR023O,Sediment, 2024-01-19,18.95,-9999,8.82,-9999,10.13,1.15,N/A
N/A,EV_017_INC-D3,10.58052/IEWDR023O,Sediment, 2024-01-23,18.49,-9999,8.82,-9999,9.67,1.1,N/A
N/A,EV_017_INC-D3,10.58052/IEWDR023O,Sediment, 2024-01-26,18,-9999,8.82,-9999,9.18,1.04,N/A
N/A,EV_017_INC-D3,10.58052/IEWDR023O,Sediment, 2024-01-30,17.37,-9999,8.82,-9999,8.55,0.97,N/A
N/A,EV_017_INC-D4,10.58052/IEWDR023O,Sediment, 2024-01-11,19.94,-9999,8.8,-9999,11.14,1.27,N/A
N/A,EV_017_INC-D4,10.58052/IEWDR023O,Sediment, 2024-01-12,19.83,-9999,8.8,-9999,11.03,1.25,N/A
N/A,EV_017_INC-D4,10.58052/IEWDR023O,Sediment, 2024-01-16,19.36,-9999,8.8,-9999,10.56,1.2,N/A
N/A,EV_017_INC-D4,10.58052/IEWDR023O,Sediment, 2024-01-19,18.91,-9999,8.8,-9999,10.11,1.15,N/A
N/A,EV_017_INC-D4,10.58052/IEWDR023O,Sediment, 2024-01-23,18.3,-9999,8.8,-9999,9.5,1.08,N/A
N/A,EV_017_INC-D4,10.58052/IEWDR023O,Sediment, 2024-01-26,17.89,-9999,8.8,-9999,9.09,1.03,N/A
N/A,EV_017_INC-D4,10.58052/IEWDR023O,Sediment, 2024-01-30,17.36,-9999,8.8,-9999,8.56,0.97,N/A
N/A,EV_017_INC-D5,10.58052/IEWDR023O,Sediment, 2024-01-11,19.96,-9999,8.81,-9999,11.15,1.27,N/A
N/A,EV_017_INC-D5,10.58052/IEWDR023O,Sediment, 2024-01-12,19.84,-9999,8.81,-9999,11.03,1.25,N/A
N/A,EV_017_INC-D5,10.58052/IEWDR023O,Sediment, 2024-01-16,19.35,-9999,8.81,-9999,10.54,1.2,N/A
N/A,EV_017_INC-D5,10.58052/IEWDR023O,Sediment, 2024-01-19,19.01,-9999,8.81,-9999,10.2,1.16,N/A
N/A,EV_017_INC-D5,10.58052/IEWDR023O,Sediment, 2024-01-23,18.47,-9999,8.81,-9999,9.66,1.1,N/A
N/A,EV_017_INC-D5,10.58052/IEWDR023O,Sediment, 2024-01-26,18.09,-9999,8.81,-9999,9.28,1.05,N/A
N/A,EV_017_INC-D5,10.58052/IEWDR023O,Sediment, 2024-01-30,17.67,-9999,8.81,-9999,8.86,1.01,N/A
N/A,EV_017_INC-W1,10.58052/IEWDR023O,Sediment, 2024-01-11,20.11,20.11,8.87,0,11.24,1.27,N/A
N/A,EV_017_INC-W1,10.58052/IEWDR023O,Sediment, 2024-01-12,19.98,20.11,8.87,0.13,11.24,1.27,N/A
N/A,EV_017_INC-W1,10.58052/IEWDR023O,Sediment, 2024-01-16,19.57,20.11,8.87,0.54,11.24,1.27,N/A
N/A,EV_017_INC-W1,10.58052/IEWDR023O,Sediment, 2024-01-19,19.83,20.11,8.87,0.28,11.24,1.27,N/A
N/A,EV_017_INC-W1,10.58052/IEWDR023O,Sediment, 2024-01-23,19.69,20.11,8.87,0.42,11.24,1.27,N/A
N/A,EV_017_INC-W1,10.58052/IEWDR023O,Sediment, 2024-01-26,19.56,20.11,8.87,0.55,11.24,1.27,N/A
N/A,EV_017_INC-W1,10.58052/IEWDR023O,Sediment, 2024-01-30,19.5,20.11,8.87,0.61,11.24,1.27,N/A
N/A,EV_017_INC-W2,10.58052/IEWDR023O,Sediment, 2024-01-11,19.99,19.99,8.82,0,11.17,1.27,N/A
N/A,EV_017_INC-W2,10.58052/IEWDR023O,Sediment, 2024-01-12,19.88,19.99,8.82,0.11,11.17,1.27,N/A
N/A,EV_017_INC-W2,10.58052/IEWDR023O,Sediment, 2024-01-16,19.49,19.99,8.82,0.5,11.17,1.27,N/A
N/A,EV_017_INC-W2,10.58052/IEWDR023O,Sediment, 2024-01-19,19.45,19.99,8.82,0.54,11.17,1.27,N/A
N/A,EV_017_INC-W2,10.58052/IEWDR023O,Sediment, 2024-01-23,19.32,19.99,8.82,0.67,11.17,1.27,N/A
N/A,EV_017_INC-W2,10.58052/IEWDR023O,Sediment, 2024-01-26,19.6,19.99,8.82,0.39,11.17,1.27,N/A
N/A,EV_017_INC-W2,10.58052/IEWDR023O,Sediment, 2024-01-30,19.76,19.99,8.82,0.23,11.17,1.27,N/A
N/A,EV_017_INC-W3,10.58052/IEWDR023O,Sediment, 2024-01-11,20.05,20.05,8.85,0,11.2,1.27,N/A
N/A,EV_017_INC-W3,10.58052/IEWDR023O,Sediment, 2024-01-12,19.9,20.05,8.85,0.15,11.2,1.27,N/A
N/A,EV_017_INC-W3,10.58052/IEWDR023O,Sediment, 2024-01-16,19.54,20.05,8.85,0.51,11.2,1.27,N/A
N/A,EV_017_INC-W3,10.58052/IEWDR023O,Sediment, 2024-01-19,19.51,20.05,8.85,0.54,11.2,1.27,N/A
N/A,EV_017_INC-W3,10.58052/IEWDR023O,Sediment, 2024-01-23,19.35,20.05,8.85,0.7,11.2,1.27,N/A
N/A,EV_017_INC-W3,10.58052/IEWDR023O,Sediment, 2024-01-26,19.34,20.05,8.85,0.71,11.2,1.27,N/A
N/A,EV_017_INC-W3,10.58052/IEWDR023O,Sediment, 2024-01-30,19.49,20.05,8.85,0.56,11.2,1.27,N/A
N/A,EV_017_INC-W4,10.58052/IEWDR023O,Sediment, 2024-01-11,19.92,19.92,8.79,0,11.13,1.27,N/A
N/A,EV_017_INC-W4,10.58052/IEWDR023O,Sediment, 2024-01-12,19.82,19.92,8.79,0.1,11.13,1.27,N/A
N/A,EV_017_INC-W4,10.58052/IEWDR023O,Sediment, 2024-01-16,19.44,19.92,8.79,0.48,11.13,1.27,N/A
N/A,EV_017_INC-W4,10.58052/IEWDR023O,Sediment, 2024-01-19,19.51,19.92,8.79,0.41,11.13,1.27,N/A
N/A,EV_017_INC-W4,10.58052/IEWDR023O,Sediment, 2024-01-23,19.43,19.92,8.79,0.49,11.13,1.27,N/A
N/A,EV_017_INC-W4,10.58052/IEWDR023O,Sediment, 2024-01-26,19.55,19.92,8.79,0.37,11.13,1.27,N/A
N/A,EV_017_INC-W4,10.58052/IEWDR023O,Sediment, 2024-01-30,19.36,19.91,8.79,0.55,11.12,1.27,N/A
N/A,EV_017_INC-W5,10.58052/IEWDR023O,Sediment, 2024-01-11,20.03,20.03,8.84,0,11.19,1.27,N/A
N/A,EV_017_INC-W5,10.58052/IEWDR023O,Sediment, 2024-01-12,19.9,20.03,8.84,0.13,11.19,1.27,N/A
N/A,EV_017_INC-W5,10.58052/IEWDR023O,Sediment, 2024-01-16,19.59,20.03,8.84,0.44,11.19,1.27,N/A
N/A,EV_017_INC-W5,10.58052/IEWDR023O,Sediment, 2024-01-19,19.62,20.02,8.84,0.4,11.18,1.27,N/A
N/A,EV_017_INC-W5,10.58052/IEWDR023O,Sediment, 2024-01-23,19.55,20.04,8.84,0.49,11.2,1.27,N/A
N/A,EV_017_INC-W5,10.58052/IEWDR023O,Sediment, 2024-01-26,19.47,20.02,8.84,0.55,11.18,1.27,N/A
N/A,EV_017_INC-W5,10.58052/IEWDR023O,Sediment, 2024-01-30,19.51,20.03,8.84,0.52,11.19,1.27,N/A
N/A,EV_019_INC-D1,10.58052/IEWDR023P,Sediment, 2024-01-11,20,-9999,7.65,-9999,12.35,1.61,N/A
N/A,EV_019_INC-D1,10.58052/IEWDR023P,Sediment, 2024-01-12,19.83,-9999,7.65,-9999,12.18,1.59,N/A
N/A,EV_019_INC-D1,10.58052/IEWDR023P,Sediment, 2024-01-16,19.27,-9999,7.65,-9999,11.62,1.52,N/A
N/A,EV_019_INC-D1,10.58052/IEWDR023P,Sediment, 2024-01-19,18.89,-9999,7.65,-9999,11.24,1.47,N/A
N/A,EV_019_INC-D1,10.58052/IEWDR023P,Sediment, 2024-01-23,18.28,-9999,7.65,-9999,10.63,1.39,N/A
N/A,EV_019_INC-D1,10.58052/IEWDR023P,Sediment, 2024-01-26,17.9,-9999,7.65,-9999,10.25,1.34,N/A
N/A,EV_019_INC-D1,10.58052/IEWDR023P,Sediment, 2024-01-30,17.35,-9999,7.65,-9999,9.7,1.27,N/A
N/A,EV_019_INC-D2,10.58052/IEWDR023P,Sediment, 2024-01-11,20.1,-9999,7.69,-9999,12.41,1.61,N/A
N/A,EV_019_INC-D2,10.58052/IEWDR023P,Sediment, 2024-01-12,19.92,-9999,7.69,-9999,12.23,1.59,N/A
N/A,EV_019_INC-D2,10.58052/IEWDR023P,Sediment, 2024-01-16,19.02,-9999,7.69,-9999,11.33,1.47,N/A
N/A,EV_019_INC-D2,10.58052/IEWDR023P,Sediment, 2024-01-19,18.43,-9999,7.69,-9999,10.74,1.4,N/A
N/A,EV_019_INC-D2,10.58052/IEWDR023P,Sediment, 2024-01-23,17.84,-9999,7.69,-9999,10.15,1.32,N/A
N/A,EV_019_INC-D2,10.58052/IEWDR023P,Sediment, 2024-01-26,17.42,-9999,7.69,-9999,9.73,1.26,N/A
N/A,EV_019_INC-D2,10.58052/IEWDR023P,Sediment, 2024-01-30,16.93,-9999,7.69,-9999,9.24,1.2,N/A
N/A,EV_019_INC-D3,10.58052/IEWDR023P,Sediment, 2024-01-11,20.08,-9999,7.68,-9999,12.4,1.61,N/A
N/A,EV_019_INC-D3,10.58052/IEWDR023P,Sediment, 2024-01-12,19.94,-9999,7.68,-9999,12.26,1.6,N/A
N/A,EV_019_INC-D3,10.58052/IEWDR023P,Sediment, 2024-01-16,18.94,-9999,7.68,-9999,11.26,1.46,N/A
N/A,EV_019_INC-D3,10.58052/IEWDR023P,Sediment, 2024-01-19,18.32,-9999,7.68,-9999,10.64,1.38,N/A
N/A,EV_019_INC-D3,10.58052/IEWDR023P,Sediment, 2024-01-23,17.71,-9999,7.68,-9999,10.03,1.3,N/A
N/A,EV_019_INC-D3,10.58052/IEWDR023P,Sediment, 2024-01-26,17.21,-9999,7.68,-9999,9.53,1.24,N/A
N/A,EV_019_INC-D3,10.58052/IEWDR023P,Sediment, 2024-01-30,16.78,-9999,7.68,-9999,9.1,1.18,N/A
N/A,EV_019_INC-D4,10.58052/IEWDR023P,Sediment, 2024-01-11,19.93,-9999,7.63,-9999,12.3,1.61,N/A
N/A,EV_019_INC-D4,10.58052/IEWDR023P,Sediment, 2024-01-12,19.77,-9999,7.63,-9999,12.14,1.59,N/A
N/A,EV_019_INC-D4,10.58052/IEWDR023P,Sediment, 2024-01-16,19.02,-9999,7.63,-9999,11.39,1.49,N/A
N/A,EV_019_INC-D4,10.58052/IEWDR023P,Sediment, 2024-01-19,18.44,-9999,7.63,-9999,10.81,1.42,N/A
N/A,EV_019_INC-D4,10.58052/IEWDR023P,Sediment, 2024-01-23,17.94,-9999,7.63,-9999,10.31,1.35,N/A
N/A,EV_019_INC-D4,10.58052/IEWDR023P,Sediment, 2024-01-26,17.56,-9999,7.63,-9999,9.93,1.3,N/A
N/A,EV_019_INC-D4,10.58052/IEWDR023P,Sediment, 2024-01-30,17.08,-9999,7.63,-9999,9.45,1.24,N/A
N/A,EV_019_INC-D5,10.58052/IEWDR023P,Sediment, 2024-01-11,20,-9999,7.65,-9999,12.35,1.61,N/A
N/A,EV_019_INC-D5,10.58052/IEWDR023P,Sediment, 2024-01-12,19.81,-9999,7.65,-9999,12.16,1.59,N/A
N/A,EV_019_INC-D5,10.58052/IEWDR023P,Sediment, 2024-01-16,18.88,-9999,7.65,-9999,11.23,1.47,N/A
N/A,EV_019_INC-D5,10.58052/IEWDR023P,Sediment, 2024-01-19,18.11,-9999,7.65,-9999,10.46,1.37,N/A
N/A,EV_019_INC-D5,10.58052/IEWDR023P,Sediment, 2024-01-23,17.66,-9999,7.65,-9999,10.01,1.31,N/A
N/A,EV_019_INC-D5,10.58052/IEWDR023P,Sediment, 2024-01-26,17.27,-9999,7.65,-9999,9.62,1.26,N/A
N/A,EV_019_INC-D5,10.58052/IEWDR023P,Sediment, 2024-01-30,16.78,-9999,7.65,-9999,9.13,1.19,N/A
N/A,EV_019_INC-W1,10.58052/IEWDR023P,Sediment, 2024-01-11,20.02,21.08,7.66,1.06,13.42,1.75,N/A
N/A,EV_019_INC-W1,10.58052/IEWDR023P,Sediment, 2024-01-12,20.76,21.08,7.66,0.32,13.42,1.75,N/A
N/A,EV_019_INC-W1,10.58052/IEWDR023P,Sediment, 2024-01-16,20.24,21.08,7.66,0.84,13.42,1.75,N/A
N/A,EV_019_INC-W1,10.58052/IEWDR023P,Sediment, 2024-01-19,19.85,21.08,7.66,1.23,13.42,1.75,N/A
N/A,EV_019_INC-W1,10.58052/IEWDR023P,Sediment, 2024-01-23,20.31,21.08,7.66,0.77,13.42,1.75,N/A
N/A,EV_019_INC-W1,10.58052/IEWDR023P,Sediment, 2024-01-26,20.56,21.08,7.66,0.52,13.42,1.75,N/A
N/A,EV_019_INC-W1,10.58052/IEWDR023P,Sediment, 2024-01-30,20.39,21.08,7.66,0.69,13.42,1.75,N/A
N/A,EV_019_INC-W2,10.58052/IEWDR023P,Sediment, 2024-01-11,19.91,20.89,7.62,0.98,13.27,1.74,N/A
N/A,EV_019_INC-W2,10.58052/IEWDR023P,Sediment, 2024-01-12,20.72,20.89,7.62,0.17,13.27,1.74,N/A
N/A,EV_019_INC-W2,10.58052/IEWDR023P,Sediment, 2024-01-16,20.43,20.89,7.62,0.46,13.27,1.74,N/A
N/A,EV_019_INC-W2,10.58052/IEWDR023P,Sediment, 2024-01-19,20.19,20.89,7.62,0.7,13.27,1.74,N/A
N/A,EV_019_INC-W2,10.58052/IEWDR023P,Sediment, 2024-01-23,20.36,20.89,7.62,0.53,13.27,1.74,N/A
N/A,EV_019_INC-W2,10.58052/IEWDR023P,Sediment, 2024-01-26,20.51,20.89,7.62,0.38,13.27,1.74,N/A
N/A,EV_019_INC-W2,10.58052/IEWDR023P,Sediment, 2024-01-30,20.23,20.88,7.62,0.65,13.26,1.74,N/A
N/A,EV_019_INC-W3,10.58052/IEWDR023P,Sediment, 2024-01-11,20.01,20.96,7.66,0.95,13.3,1.74,N/A
N/A,EV_019_INC-W3,10.58052/IEWDR023P,Sediment, 2024-01-12,20.68,20.97,7.66,0.29,13.31,1.74,N/A
N/A,EV_019_INC-W3,10.58052/IEWDR023P,Sediment, 2024-01-16,20.19,20.96,7.66,0.77,13.3,1.74,N/A
N/A,EV_019_INC-W3,10.58052/IEWDR023P,Sediment, 2024-01-19,20.15,20.96,7.66,0.81,13.3,1.74,N/A
N/A,EV_019_INC-W3,10.58052/IEWDR023P,Sediment, 2024-01-23,20.28,20.96,7.66,0.68,13.3,1.74,N/A
N/A,EV_019_INC-W3,10.58052/IEWDR023P,Sediment, 2024-01-26,20.33,20.96,7.66,0.63,13.3,1.74,N/A
N/A,EV_019_INC-W3,10.58052/IEWDR023P,Sediment, 2024-01-30,20.38,20.96,7.66,0.58,13.3,1.74,N/A
N/A,EV_019_INC-W4,10.58052/IEWDR023P,Sediment, 2024-01-11,20.04,21.02,7.67,0.98,13.35,1.74,N/A
N/A,EV_019_INC-W4,10.58052/IEWDR023P,Sediment, 2024-01-12,20.87,21.02,7.67,0.15,13.35,1.74,N/A
N/A,EV_019_INC-W4,10.58052/IEWDR023P,Sediment, 2024-01-16,20.38,21.02,7.67,0.64,13.35,1.74,N/A
N/A,EV_019_INC-W4,10.58052/IEWDR023P,Sediment, 2024-01-19,20.56,21.03,7.67,0.47,13.36,1.74,N/A
N/A,EV_019_INC-W4,10.58052/IEWDR023P,Sediment, 2024-01-23,20.63,21.02,7.67,0.39,13.35,1.74,N/A
N/A,EV_019_INC-W4,10.58052/IEWDR023P,Sediment, 2024-01-26,20.68,21.02,7.67,0.34,13.35,1.74,N/A
N/A,EV_019_INC-W4,10.58052/IEWDR023P,Sediment, 2024-01-30,20.4,21.01,7.67,0.61,13.34,1.74,N/A
N/A,EV_019_INC-W5,10.58052/IEWDR023P,Sediment, 2024-01-11,19.93,20.89,7.63,0.96,13.26,1.74,N/A
N/A,EV_019_INC-W5,10.58052/IEWDR023P,Sediment, 2024-01-12,20.63,20.89,7.63,0.26,13.26,1.74,N/A
N/A,EV_019_INC-W5,10.58052/IEWDR023P,Sediment, 2024-01-16,20.28,20.88,7.63,0.6,13.25,1.74,N/A
N/A,EV_019_INC-W5,10.58052/IEWDR023P,Sediment, 2024-01-19,20.54,20.89,7.63,0.35,13.26,1.74,N/A
N/A,EV_019_INC-W5,10.58052/IEWDR023P,Sediment, 2024-01-23,20.35,20.89,7.63,0.54,13.26,1.74,N/A
N/A,EV_019_INC-W5,10.58052/IEWDR023P,Sediment, 2024-01-26,20.41,20.9,7.63,0.49,13.27,1.74,N/A
N/A,EV_019_INC-W5,10.58052/IEWDR023P,Sediment, 2024-01-30,19.86,20.87,7.63,1.01,13.24,1.74,N/A
N/A,EV_020_INC-D1,10.58052/IEWDR023Q,Sediment, 2024-01-11,19.98,-9999,9.7,-9999,10.28,1.06,N/A
N/A,EV_020_INC-D1,10.58052/IEWDR023Q,Sediment, 2024-01-12,19.87,-9999,9.7,-9999,10.17,1.05,N/A
N/A,EV_020_INC-D1,10.58052/IEWDR023Q,Sediment, 2024-01-16,19.46,-9999,9.7,-9999,9.76,1.01,N/A
N/A,EV_020_INC-D1,10.58052/IEWDR023Q,Sediment, 2024-01-19,18.89,-9999,9.7,-9999,9.19,0.95,N/A
N/A,EV_020_INC-D1,10.58052/IEWDR023Q,Sediment, 2024-01-23,18.33,-9999,9.7,-9999,8.63,0.89,N/A
N/A,EV_020_INC-D1,10.58052/IEWDR023Q,Sediment, 2024-01-26,17.9,-9999,9.7,-9999,8.2,0.85,N/A
N/A,EV_020_INC-D1,10.58052/IEWDR023Q,Sediment, 2024-01-30,17.31,-9999,9.7,-9999,7.61,0.78,N/A
N/A,EV_020_INC-D2,10.58052/IEWDR023Q,Sediment, 2024-01-11,19.94,-9999,9.68,-9999,10.26,1.06,N/A
N/A,EV_020_INC-D2,10.58052/IEWDR023Q,Sediment, 2024-01-12,19.77,-9999,9.68,-9999,10.09,1.04,N/A
N/A,EV_020_INC-D2,10.58052/IEWDR023Q,Sediment, 2024-01-16,19.24,-9999,9.68,-9999,9.56,0.99,N/A
N/A,EV_020_INC-D2,10.58052/IEWDR023Q,Sediment, 2024-01-19,18.89,-9999,9.68,-9999,9.21,0.95,N/A
N/A,EV_020_INC-D2,10.58052/IEWDR023Q,Sediment, 2024-01-23,18.28,-9999,9.68,-9999,8.6,0.89,N/A
N/A,EV_020_INC-D2,10.58052/IEWDR023Q,Sediment, 2024-01-26,17.95,-9999,9.68,-9999,8.27,0.85,N/A
N/A,EV_020_INC-D2,10.58052/IEWDR023Q,Sediment, 2024-01-30,17.45,-9999,9.68,-9999,7.77,0.8,N/A
N/A,EV_020_INC-D3,10.58052/IEWDR023Q,Sediment, 2024-01-11,20.09,-9999,9.75,-9999,10.34,1.06,N/A
N/A,EV_020_INC-D3,10.58052/IEWDR023Q,Sediment, 2024-01-12,19.9,-9999,9.75,-9999,10.15,1.04,N/A
N/A,EV_020_INC-D3,10.58052/IEWDR023Q,Sediment, 2024-01-16,19.26,-9999,9.75,-9999,9.51,0.97,N/A
N/A,EV_020_INC-D3,10.58052/IEWDR023Q,Sediment, 2024-01-19,18.74,-9999,9.75,-9999,8.99,0.92,N/A
N/A,EV_020_INC-D3,10.58052/IEWDR023Q,Sediment, 2024-01-23,18.2,-9999,9.75,-9999,8.45,0.87,N/A
N/A,EV_020_INC-D3,10.58052/IEWDR023Q,Sediment, 2024-01-26,17.77,-9999,9.75,-9999,8.02,0.82,N/A
N/A,EV_020_INC-D3,10.58052/IEWDR023Q,Sediment, 2024-01-30,17.23,-9999,9.75,-9999,7.48,0.77,N/A
N/A,EV_020_INC-D4,10.58052/IEWDR023Q,Sediment, 2024-01-11,19.99,-9999,9.7,-9999,10.29,1.06,N/A
N/A,EV_020_INC-D4,10.58052/IEWDR023Q,Sediment, 2024-01-12,19.72,-9999,9.7,-9999,10.02,1.03,N/A
N/A,EV_020_INC-D4,10.58052/IEWDR023Q,Sediment, 2024-01-16,19.01,-9999,9.7,-9999,9.31,0.96,N/A
N/A,EV_020_INC-D4,10.58052/IEWDR023Q,Sediment, 2024-01-19,18.63,-9999,9.7,-9999,8.93,0.92,N/A
N/A,EV_020_INC-D4,10.58052/IEWDR023Q,Sediment, 2024-01-23,18.22,-9999,9.7,-9999,8.52,0.88,N/A
N/A,EV_020_INC-D4,10.58052/IEWDR023Q,Sediment, 2024-01-26,17.8,-9999,9.7,-9999,8.1,0.83,N/A
N/A,EV_020_INC-D4,10.58052/IEWDR023Q,Sediment, 2024-01-30,17.25,-9999,9.7,-9999,7.55,0.78,N/A
N/A,EV_020_INC-D5,10.58052/IEWDR023Q,Sediment, 2024-01-11,19.9,-9999,9.66,-9999,10.24,1.06,N/A
N/A,EV_020_INC-D5,10.58052/IEWDR023Q,Sediment, 2024-01-12,19.7,-9999,9.66,-9999,10.04,1.04,N/A
N/A,EV_020_INC-D5,10.58052/IEWDR023Q,Sediment, 2024-01-16,19.06,-9999,9.66,-9999,9.4,0.97,N/A
N/A,EV_020_INC-D5,10.58052/IEWDR023Q,Sediment, 2024-01-19,18.63,-9999,9.66,-9999,8.97,0.93,N/A
N/A,EV_020_INC-D5,10.58052/IEWDR023Q,Sediment, 2024-01-23,18.19,-9999,9.66,-9999,8.53,0.88,N/A
N/A,EV_020_INC-D5,10.58052/IEWDR023Q,Sediment, 2024-01-26,17.89,-9999,9.66,-9999,8.23,0.85,N/A
N/A,EV_020_INC-D5,10.58052/IEWDR023Q,Sediment, 2024-01-30,17.42,-9999,9.66,-9999,7.76,0.8,N/A
N/A,EV_020_INC-W1,10.58052/IEWDR023Q,Sediment, 2024-01-11,20,22.03,9.71,2.03,12.32,1.27,N/A
N/A,EV_020_INC-W1,10.58052/IEWDR023Q,Sediment, 2024-01-12,21.83,22.03,9.71,0.2,12.32,1.27,N/A
N/A,EV_020_INC-W1,10.58052/IEWDR023Q,Sediment, 2024-01-16,21.52,22.02,9.71,0.5,12.31,1.27,N/A
N/A,EV_020_INC-W1,10.58052/IEWDR023Q,Sediment, 2024-01-19,21.53,22.03,9.71,0.5,12.32,1.27,N/A
N/A,EV_020_INC-W1,10.58052/IEWDR023Q,Sediment, 2024-01-23,21.56,22.03,9.71,0.47,12.32,1.27,N/A
N/A,EV_020_INC-W1,10.58052/IEWDR023Q,Sediment, 2024-01-26,21.65,22.03,9.71,0.38,12.32,1.27,N/A
N/A,EV_020_INC-W1,10.58052/IEWDR023Q,Sediment, 2024-01-30,21.5,22.03,9.71,0.53,12.32,1.27,N/A
N/A,EV_020_INC-W2,10.58052/IEWDR023Q,Sediment, 2024-01-11,20,21.97,9.71,1.97,12.26,1.26,N/A
N/A,EV_020_INC-W2,10.58052/IEWDR023Q,Sediment, 2024-01-12,21.76,21.97,9.71,0.21,12.26,1.26,N/A
N/A,EV_020_INC-W2,10.58052/IEWDR023Q,Sediment, 2024-01-16,21.32,21.97,9.71,0.65,12.26,1.26,N/A
N/A,EV_020_INC-W2,10.58052/IEWDR023Q,Sediment, 2024-01-19,21.28,21.97,9.71,0.69,12.26,1.26,N/A
N/A,EV_020_INC-W2,10.58052/IEWDR023Q,Sediment, 2024-01-23,21.33,21.97,9.71,0.64,12.26,1.26,N/A
N/A,EV_020_INC-W2,10.58052/IEWDR023Q,Sediment, 2024-01-26,21.5,21.97,9.71,0.47,12.26,1.26,N/A
N/A,EV_020_INC-W2,10.58052/IEWDR023Q,Sediment, 2024-01-30,21.4,21.97,9.71,0.57,12.26,1.26,N/A
N/A,EV_020_INC-W3,10.58052/IEWDR023Q,Sediment, 2024-01-11,20.02,22.01,9.72,1.99,12.29,1.26,N/A
N/A,EV_020_INC-W3,10.58052/IEWDR023Q,Sediment, 2024-01-12,21.85,22.01,9.72,0.16,12.29,1.26,N/A
N/A,EV_020_INC-W3,10.58052/IEWDR023Q,Sediment, 2024-01-16,21.34,22,9.72,0.66,12.28,1.26,N/A
N/A,EV_020_INC-W3,10.58052/IEWDR023Q,Sediment, 2024-01-19,20.93,22,9.72,1.07,12.28,1.26,N/A
N/A,EV_020_INC-W3,10.58052/IEWDR023Q,Sediment, 2024-01-23,21.57,22.02,9.72,0.45,12.3,1.27,N/A
N/A,EV_020_INC-W3,10.58052/IEWDR023Q,Sediment, 2024-01-26,21.51,22.01,9.72,0.5,12.29,1.26,N/A
N/A,EV_020_INC-W3,10.58052/IEWDR023Q,Sediment, 2024-01-30,21.01,22.01,9.72,1,12.29,1.26,N/A
N/A,EV_020_INC-W4,10.58052/IEWDR023Q,Sediment, 2024-01-11,20.09,22.08,9.75,1.99,12.33,1.26,N/A
N/A,EV_020_INC-W4,10.58052/IEWDR023Q,Sediment, 2024-01-12,21.9,22.09,9.75,0.19,12.34,1.27,N/A
N/A,EV_020_INC-W4,10.58052/IEWDR023Q,Sediment, 2024-01-16,21.42,22.08,9.75,0.66,12.33,1.26,N/A
N/A,EV_020_INC-W4,10.58052/IEWDR023Q,Sediment, 2024-01-19,21.51,22.07,9.75,0.56,12.32,1.26,N/A
N/A,EV_020_INC-W4,10.58052/IEWDR023Q,Sediment, 2024-01-23,21.4,22.08,9.75,0.68,12.33,1.26,N/A
N/A,EV_020_INC-W4,10.58052/IEWDR023Q,Sediment, 2024-01-26,21.67,22.07,9.75,0.4,12.32,1.26,N/A
N/A,EV_020_INC-W4,10.58052/IEWDR023Q,Sediment, 2024-01-30,21.48,22.08,9.75,0.6,12.33,1.26,N/A
N/A,EV_020_INC-W5,10.58052/IEWDR023Q,Sediment, 2024-01-11,20.06,22.05,9.74,1.99,12.31,1.26,N/A
N/A,EV_020_INC-W5,10.58052/IEWDR023Q,Sediment, 2024-01-12,21.74,22.05,9.74,0.31,12.31,1.26,N/A
N/A,EV_020_INC-W5,10.58052/IEWDR023Q,Sediment, 2024-01-16,21.44,22.03,9.74,0.59,12.29,1.26,N/A
N/A,EV_020_INC-W5,10.58052/IEWDR023Q,Sediment, 2024-01-19,21.02,22.06,9.74,1.04,12.32,1.27,N/A
N/A,EV_020_INC-W5,10.58052/IEWDR023Q,Sediment, 2024-01-23,21.08,22.04,9.74,0.96,12.3,1.26,N/A
N/A,EV_020_INC-W5,10.58052/IEWDR023Q,Sediment, 2024-01-26,21.23,22.04,9.74,0.81,12.3,1.26,N/A
N/A,EV_020_INC-W5,10.58052/IEWDR023Q,Sediment, 2024-01-30,21.21,22.04,9.74,0.83,12.3,1.26,N/A
N/A,EV_021_INC-D1,10.58052/IEWDR023R,Sediment, 2024-02-01,20.05,-9999,15,-9999,5.05,0.34,N/A
N/A,EV_021_INC-D1,10.58052/IEWDR023R,Sediment, 2024-02-02,19.93,-9999,15,-9999,4.93,0.33,N/A
N/A,EV_021_INC-D1,10.58052/IEWDR023R,Sediment, 2024-02-06,19.49,-9999,15,-9999,4.49,0.3,N/A
N/A,EV_021_INC-D1,10.58052/IEWDR023R,Sediment, 2024-02-09,19.18,-9999,15,-9999,4.18,0.28,N/A
N/A,EV_021_INC-D1,10.58052/IEWDR023R,Sediment, 2024-02-13,18.68,-9999,15,-9999,3.68,0.25,N/A
N/A,EV_021_INC-D1,10.58052/IEWDR023R,Sediment, 2024-02-16,18.25,-9999,15,-9999,3.25,0.22,N/A
N/A,EV_021_INC-D1,10.58052/IEWDR023R,Sediment, 2024-02-20,17.63,-9999,15,-9999,2.63,0.18,N/A
N/A,EV_021_INC-D2,10.58052/IEWDR023R,Sediment, 2024-02-01,19.96,-9999,14.93,-9999,5.03,0.34,N/A
N/A,EV_021_INC-D2,10.58052/IEWDR023R,Sediment, 2024-02-02,19.89,-9999,14.93,-9999,4.96,0.33,N/A
N/A,EV_021_INC-D2,10.58052/IEWDR023R,Sediment, 2024-02-06,19.5,-9999,14.93,-9999,4.57,0.31,N/A
N/A,EV_021_INC-D2,10.58052/IEWDR023R,Sediment, 2024-02-09,19.1,-9999,14.93,-9999,4.17,0.28,N/A
N/A,EV_021_INC-D2,10.58052/IEWDR023R,Sediment, 2024-02-13,18.54,-9999,14.93,-9999,3.61,0.24,N/A
N/A,EV_021_INC-D2,10.58052/IEWDR023R,Sediment, 2024-02-16,18.1,-9999,14.93,-9999,3.17,0.21,N/A
N/A,EV_021_INC-D2,10.58052/IEWDR023R,Sediment, 2024-02-20,17.44,-9999,14.93,-9999,2.51,0.17,N/A
N/A,EV_021_INC-D3,10.58052/IEWDR023R,Sediment, 2024-02-01,19.93,-9999,14.91,-9999,5.02,0.34,N/A
N/A,EV_021_INC-D3,10.58052/IEWDR023R,Sediment, 2024-02-02,19.79,-9999,14.91,-9999,4.88,0.33,N/A
N/A,EV_021_INC-D3,10.58052/IEWDR023R,Sediment, 2024-02-06,19.12,-9999,14.91,-9999,4.21,0.28,N/A
N/A,EV_021_INC-D3,10.58052/IEWDR023R,Sediment, 2024-02-09,18.67,-9999,14.91,-9999,3.76,0.25,N/A
N/A,EV_021_INC-D3,10.58052/IEWDR023R,Sediment, 2024-02-13,18.06,-9999,14.91,-9999,3.15,0.21,N/A
N/A,EV_021_INC-D3,10.58052/IEWDR023R,Sediment, 2024-02-16,17.62,-9999,14.91,-9999,2.71,0.18,N/A
N/A,EV_021_INC-D3,10.58052/IEWDR023R,Sediment, 2024-02-20,16.98,-9999,14.91,-9999,2.07,0.14,N/A
N/A,EV_021_INC-D4,10.58052/IEWDR023R,Sediment, 2024-02-01,20.03,-9999,14.99,-9999,5.04,0.34,N/A
N/A,EV_021_INC-D4,10.58052/IEWDR023R,Sediment, 2024-02-02,19.86,-9999,14.99,-9999,4.87,0.33,N/A
N/A,EV_021_INC-D4,10.58052/IEWDR023R,Sediment, 2024-02-06,19.45,-9999,14.99,-9999,4.46,0.3,N/A
N/A,EV_021_INC-D4,10.58052/IEWDR023R,Sediment, 2024-02-09,19.09,-9999,14.99,-9999,4.1,0.27,N/A
N/A,EV_021_INC-D4,10.58052/IEWDR023R,Sediment, 2024-02-13,18.63,-9999,14.99,-9999,3.64,0.24,N/A
N/A,EV_021_INC-D4,10.58052/IEWDR023R,Sediment, 2024-02-16,18.23,-9999,14.99,-9999,3.24,0.22,N/A
N/A,EV_021_INC-D4,10.58052/IEWDR023R,Sediment, 2024-02-20,17.64,-9999,14.99,-9999,2.65,0.18,N/A
N/A,EV_021_INC-D5,10.58052/IEWDR023R,Sediment, 2024-02-01,20.06,-9999,15.01,-9999,5.05,0.34,N/A
N/A,EV_021_INC-D5,10.58052/IEWDR023R,Sediment, 2024-02-02,19.9,-9999,15.01,-9999,4.89,0.33,N/A
N/A,EV_021_INC-D5,10.58052/IEWDR023R,Sediment, 2024-02-06,19.21,-9999,15.01,-9999,4.2,0.28,N/A
N/A,EV_021_INC-D5,10.58052/IEWDR023R,Sediment, 2024-02-09,18.82,-9999,15.01,-9999,3.81,0.25,N/A
N/A,EV_021_INC-D5,10.58052/IEWDR023R,Sediment, 2024-02-13,18.34,-9999,15.01,-9999,3.33,0.22,N/A
N/A,EV_021_INC-D5,10.58052/IEWDR023R,Sediment, 2024-02-16,17.93,-9999,15.01,-9999,2.92,0.19,N/A
N/A,EV_021_INC-D5,10.58052/IEWDR023R,Sediment, 2024-02-20,17.33,-9999,15.01,-9999,2.32,0.15,N/A
N/A,EV_021_INC-W1,10.58052/IEWDR023R,Sediment, 2024-02-01,20.02,23.99,14.98,3.97,9.01,0.6,N/A
N/A,EV_021_INC-W1,10.58052/IEWDR023R,Sediment, 2024-02-02,23.88,23.99,14.98,0.11,9.01,0.6,N/A
N/A,EV_021_INC-W1,10.58052/IEWDR023R,Sediment, 2024-02-06,23.6,23.99,14.98,0.39,9.01,0.6,N/A
N/A,EV_021_INC-W1,10.58052/IEWDR023R,Sediment, 2024-02-09,23.61,23.99,14.98,0.38,9.01,0.6,N/A
N/A,EV_021_INC-W1,10.58052/IEWDR023R,Sediment, 2024-02-13,23.34,23.99,14.98,0.65,9.01,0.6,N/A
N/A,EV_021_INC-W1,10.58052/IEWDR023R,Sediment, 2024-02-16,23.52,23.99,14.98,0.47,9.01,0.6,N/A
N/A,EV_021_INC-W1,10.58052/IEWDR023R,Sediment, 2024-02-20,23.27,23.99,14.98,0.72,9.01,0.6,N/A
N/A,EV_021_INC-W2,10.58052/IEWDR023R,Sediment, 2024-02-01,20,23.94,14.96,3.94,8.98,0.6,N/A
N/A,EV_021_INC-W2,10.58052/IEWDR023R,Sediment, 2024-02-02,23.84,23.94,14.96,0.1,8.98,0.6,N/A
N/A,EV_021_INC-W2,10.58052/IEWDR023R,Sediment, 2024-02-06,23.6,23.94,14.96,0.34,8.98,0.6,N/A
N/A,EV_021_INC-W2,10.58052/IEWDR023R,Sediment, 2024-02-09,23.52,23.94,14.96,0.42,8.98,0.6,N/A
N/A,EV_021_INC-W2,10.58052/IEWDR023R,Sediment, 2024-02-13,23.32,23.94,14.96,0.62,8.98,0.6,N/A
N/A,EV_021_INC-W2,10.58052/IEWDR023R,Sediment, 2024-02-16,23.43,23.94,14.96,0.51,8.98,0.6,N/A
N/A,EV_021_INC-W2,10.58052/IEWDR023R,Sediment, 2024-02-20,23.23,23.94,14.96,0.71,8.98,0.6,N/A
N/A,EV_021_INC-W3,10.58052/IEWDR023R,Sediment, 2024-02-01,19.98,23.93,14.95,3.95,8.98,0.6,N/A
N/A,EV_021_INC-W3,10.58052/IEWDR023R,Sediment, 2024-02-02,23.81,23.93,14.95,0.12,8.98,0.6,N/A
N/A,EV_021_INC-W3,10.58052/IEWDR023R,Sediment, 2024-02-06,23.53,23.94,14.95,0.41,8.99,0.6,N/A
N/A,EV_021_INC-W3,10.58052/IEWDR023R,Sediment, 2024-02-09,23.63,23.93,14.95,0.3,8.98,0.6,N/A
N/A,EV_021_INC-W3,10.58052/IEWDR023R,Sediment, 2024-02-13,23.11,23.93,14.95,0.82,8.98,0.6,N/A
N/A,EV_021_INC-W3,10.58052/IEWDR023R,Sediment, 2024-02-16,23.46,23.93,14.95,0.47,8.98,0.6,N/A
N/A,EV_021_INC-W3,10.58052/IEWDR023R,Sediment, 2024-02-20,23.31,23.93,14.95,0.62,8.98,0.6,N/A
N/A,EV_021_INC-W4,10.58052/IEWDR023R,Sediment, 2024-02-01,19.92,23.85,14.9,3.93,8.95,0.6,N/A
N/A,EV_021_INC-W4,10.58052/IEWDR023R,Sediment, 2024-02-02,23.73,23.85,14.9,0.12,8.95,0.6,N/A
N/A,EV_021_INC-W4,10.58052/IEWDR023R,Sediment, 2024-02-06,23.39,23.85,14.9,0.46,8.95,0.6,N/A
N/A,EV_021_INC-W4,10.58052/IEWDR023R,Sediment, 2024-02-09,23.48,23.85,14.9,0.37,8.95,0.6,N/A
N/A,EV_021_INC-W4,10.58052/IEWDR023R,Sediment, 2024-02-13,23.28,23.86,14.9,0.58,8.96,0.6,N/A
N/A,EV_021_INC-W4,10.58052/IEWDR023R,Sediment, 2024-02-16,23.39,23.85,14.9,0.46,8.95,0.6,N/A
N/A,EV_021_INC-W4,10.58052/IEWDR023R,Sediment, 2024-02-20,23.19,23.85,14.9,0.66,8.95,0.6,N/A
N/A,EV_021_INC-W5,10.58052/IEWDR023R,Sediment, 2024-02-01,19.99,23.92,14.96,3.93,8.96,0.6,N/A
N/A,EV_021_INC-W5,10.58052/IEWDR023R,Sediment, 2024-02-02,23.81,23.92,14.96,0.11,8.96,0.6,N/A
N/A,EV_021_INC-W5,10.58052/IEWDR023R,Sediment, 2024-02-06,23.52,23.92,14.96,0.4,8.96,0.6,N/A
N/A,EV_021_INC-W5,10.58052/IEWDR023R,Sediment, 2024-02-09,23.61,23.92,14.96,0.31,8.96,0.6,N/A
N/A,EV_021_INC-W5,10.58052/IEWDR023R,Sediment, 2024-02-13,23.44,23.92,14.96,0.48,8.96,0.6,N/A
N/A,EV_021_INC-W5,10.58052/IEWDR023R,Sediment, 2024-02-16,23.44,23.92,14.96,0.48,8.96,0.6,N/A
N/A,EV_021_INC-W5,10.58052/IEWDR023R,Sediment, 2024-02-20,23.32,23.92,14.96,0.6,8.96,0.6,N/A
N/A,EV_022_INC-D1,10.58052/IEWDR023S,Sediment, 2024-02-01,19.92,-9999,16.79,-9999,3.13,0.19,N/A
N/A,EV_022_INC-D1,10.58052/IEWDR023S,Sediment, 2024-02-02,19.76,-9999,16.79,-9999,2.97,0.18,N/A
N/A,EV_022_INC-D1,10.58052/IEWDR023S,Sediment, 2024-02-06,19.38,-9999,16.79,-9999,2.59,0.15,N/A
N/A,EV_022_INC-D1,10.58052/IEWDR023S,Sediment, 2024-02-09,19.07,-9999,16.79,-9999,2.28,0.14,N/A
N/A,EV_022_INC-D1,10.58052/IEWDR023S,Sediment, 2024-02-13,18.59,-9999,16.79,-9999,1.8,0.11,N/A
N/A,EV_022_INC-D1,10.58052/IEWDR023S,Sediment, 2024-02-16,18.19,-9999,16.79,-9999,1.4,0.08,N/A
N/A,EV_022_INC-D1,10.58052/IEWDR023S,Sediment, 2024-02-20,17.63,-9999,16.79,-9999,0.84,0.05,N/A
N/A,EV_022_INC-D2,10.58052/IEWDR023S,Sediment, 2024-02-01,19.98,-9999,16.84,-9999,3.14,0.19,N/A
N/A,EV_022_INC-D2,10.58052/IEWDR023S,Sediment, 2024-02-02,19.81,-9999,16.84,-9999,2.97,0.18,N/A
N/A,EV_022_INC-D2,10.58052/IEWDR023S,Sediment, 2024-02-06,19.43,-9999,16.84,-9999,2.59,0.15,N/A
N/A,EV_022_INC-D2,10.58052/IEWDR023S,Sediment, 2024-02-09,19.06,-9999,16.84,-9999,2.22,0.13,N/A
N/A,EV_022_INC-D2,10.58052/IEWDR023S,Sediment, 2024-02-13,18.44,-9999,16.84,-9999,1.6,0.1,N/A
N/A,EV_022_INC-D2,10.58052/IEWDR023S,Sediment, 2024-02-16,17.99,-9999,16.84,-9999,1.15,0.07,N/A
N/A,EV_022_INC-D2,10.58052/IEWDR023S,Sediment, 2024-02-20,17.38,-9999,16.84,-9999,0.54,0.03,N/A
N/A,EV_022_INC-D3,10.58052/IEWDR023S,Sediment, 2024-02-01,20.07,-9999,16.91,-9999,3.16,0.19,N/A
N/A,EV_022_INC-D3,10.58052/IEWDR023S,Sediment, 2024-02-02,19.94,-9999,16.91,-9999,3.03,0.18,N/A
N/A,EV_022_INC-D3,10.58052/IEWDR023S,Sediment, 2024-02-06,19.57,-9999,16.91,-9999,2.66,0.16,N/A
N/A,EV_022_INC-D3,10.58052/IEWDR023S,Sediment, 2024-02-09,19.17,-9999,16.91,-9999,2.26,0.13,N/A
N/A,EV_022_INC-D3,10.58052/IEWDR023S,Sediment, 2024-02-13,18.6,-9999,16.91,-9999,1.69,0.1,N/A
N/A,EV_022_INC-D3,10.58052/IEWDR023S,Sediment, 2024-02-16,18.33,-9999,16.91,-9999,1.42,0.08,N/A
N/A,EV_022_INC-D3,10.58052/IEWDR023S,Sediment, 2024-02-20,17.94,-9999,16.91,-9999,1.03,0.06,N/A
N/A,EV_022_INC-D4,10.58052/IEWDR023S,Sediment, 2024-02-01,20,-9999,16.85,-9999,3.15,0.19,N/A
N/A,EV_022_INC-D4,10.58052/IEWDR023S,Sediment, 2024-02-02,19.85,-9999,16.85,-9999,3,0.18,N/A
N/A,EV_022_INC-D4,10.58052/IEWDR023S,Sediment, 2024-02-06,19.41,-9999,16.85,-9999,2.56,0.15,N/A
N/A,EV_022_INC-D4,10.58052/IEWDR023S,Sediment, 2024-02-09,19.08,-9999,16.85,-9999,2.23,0.13,N/A
N/A,EV_022_INC-D4,10.58052/IEWDR023S,Sediment, 2024-02-13,18.62,-9999,16.85,-9999,1.77,0.1,N/A
N/A,EV_022_INC-D4,10.58052/IEWDR023S,Sediment, 2024-02-16,18.26,-9999,16.85,-9999,1.41,0.08,N/A
N/A,EV_022_INC-D4,10.58052/IEWDR023S,Sediment, 2024-02-20,17.71,-9999,16.85,-9999,0.86,0.05,N/A
N/A,EV_022_INC-D5,10.58052/IEWDR023S,Sediment, 2024-02-01,20.07,-9999,16.91,-9999,3.16,0.19,N/A
N/A,EV_022_INC-D5,10.58052/IEWDR023S,Sediment, 2024-02-02,19.91,-9999,16.91,-9999,3,0.18,N/A
N/A,EV_022_INC-D5,10.58052/IEWDR023S,Sediment, 2024-02-06,19.41,-9999,16.91,-9999,2.5,0.15,N/A
N/A,EV_022_INC-D5,10.58052/IEWDR023S,Sediment, 2024-02-09,18.97,-9999,16.91,-9999,2.06,0.12,N/A
N/A,EV_022_INC-D5,10.58052/IEWDR023S,Sediment, 2024-02-13,18.44,-9999,16.91,-9999,1.53,0.09,N/A
N/A,EV_022_INC-D5,10.58052/IEWDR023S,Sediment, 2024-02-16,17.98,-9999,16.91,-9999,1.07,0.06,N/A
N/A,EV_022_INC-D5,10.58052/IEWDR023S,Sediment, 2024-02-20,17.36,-9999,16.91,-9999,0.45,0.03,N/A
N/A,EV_022_INC-W1,10.58052/IEWDR023S,Sediment, 2024-02-01,20.02,24.15,16.87,4.13,7.28,0.43,N/A
N/A,EV_022_INC-W1,10.58052/IEWDR023S,Sediment, 2024-02-02,24.03,24.14,16.87,0.11,7.27,0.43,N/A
N/A,EV_022_INC-W1,10.58052/IEWDR023S,Sediment, 2024-02-06,23.67,24.15,16.87,0.48,7.28,0.43,N/A
N/A,EV_022_INC-W1,10.58052/IEWDR023S,Sediment, 2024-02-09,23.68,24.15,16.87,0.47,7.28,0.43,N/A
N/A,EV_022_INC-W1,10.58052/IEWDR023S,Sediment, 2024-02-13,23.56,24.15,16.87,0.59,7.28,0.43,N/A
N/A,EV_022_INC-W1,10.58052/IEWDR023S,Sediment, 2024-02-16,23.6,24.15,16.87,0.55,7.28,0.43,N/A
N/A,EV_022_INC-W1,10.58052/IEWDR023S,Sediment, 2024-02-20,23.44,24.15,16.87,0.71,7.28,0.43,N/A
N/A,EV_022_INC-W2,10.58052/IEWDR023S,Sediment, 2024-02-01,20.02,24,16.87,3.98,7.13,0.42,N/A
N/A,EV_022_INC-W2,10.58052/IEWDR023S,Sediment, 2024-02-02,23.87,24,16.87,0.13,7.13,0.42,N/A
N/A,EV_022_INC-W2,10.58052/IEWDR023S,Sediment, 2024-02-06,23.46,24,16.87,0.54,7.13,0.42,N/A
N/A,EV_022_INC-W2,10.58052/IEWDR023S,Sediment, 2024-02-09,23.39,24,16.87,0.61,7.13,0.42,N/A
N/A,EV_022_INC-W2,10.58052/IEWDR023S,Sediment, 2024-02-13,23.27,24,16.87,0.73,7.13,0.42,N/A
N/A,EV_022_INC-W2,10.58052/IEWDR023S,Sediment, 2024-02-16,23.72,24,16.87,0.28,7.13,0.42,N/A
N/A,EV_022_INC-W2,10.58052/IEWDR023S,Sediment, 2024-02-20,23.48,24,16.87,0.52,7.13,0.42,N/A
N/A,EV_022_INC-W3,10.58052/IEWDR023S,Sediment, 2024-02-01,19.9,23.89,16.77,3.99,7.12,0.42,N/A
N/A,EV_022_INC-W3,10.58052/IEWDR023S,Sediment, 2024-02-02,23.79,23.9,16.77,0.11,7.13,0.43,N/A
N/A,EV_022_INC-W3,10.58052/IEWDR023S,Sediment, 2024-02-06,23.58,23.88,16.77,0.3,7.11,0.42,N/A
N/A,EV_022_INC-W3,10.58052/IEWDR023S,Sediment, 2024-02-09,23.53,23.89,16.77,0.36,7.12,0.42,N/A
N/A,EV_022_INC-W3,10.58052/IEWDR023S,Sediment, 2024-02-13,23.3,23.89,16.77,0.59,7.12,0.42,N/A
N/A,EV_022_INC-W3,10.58052/IEWDR023S,Sediment, 2024-02-16,23.51,23.89,16.77,0.38,7.12,0.42,N/A
N/A,EV_022_INC-W3,10.58052/IEWDR023S,Sediment, 2024-02-20,23.3,23.89,16.77,0.59,7.12,0.42,N/A
N/A,EV_022_INC-W4,10.58052/IEWDR023S,Sediment, 2024-02-01,20,24.01,16.85,4.01,7.16,0.42,N/A
N/A,EV_022_INC-W4,10.58052/IEWDR023S,Sediment, 2024-02-02,23.91,24.01,16.85,0.1,7.16,0.42,N/A
N/A,EV_022_INC-W4,10.58052/IEWDR023S,Sediment, 2024-02-06,23.59,24.01,16.85,0.42,7.16,0.42,N/A
N/A,EV_022_INC-W4,10.58052/IEWDR023S,Sediment, 2024-02-09,23.59,24.01,16.85,0.42,7.16,0.42,N/A
N/A,EV_022_INC-W4,10.58052/IEWDR023S,Sediment, 2024-02-13,23.35,24.01,16.85,0.66,7.16,0.42,N/A
N/A,EV_022_INC-W4,10.58052/IEWDR023S,Sediment, 2024-02-16,23.6,24.01,16.85,0.41,7.16,0.42,N/A
N/A,EV_022_INC-W4,10.58052/IEWDR023S,Sediment, 2024-02-20,23.36,24.01,16.85,0.65,7.16,0.42,N/A
N/A,EV_022_INC-W5,10.58052/IEWDR023S,Sediment, 2024-02-01,20.01,24.01,16.86,4,7.15,0.42,N/A
N/A,EV_022_INC-W5,10.58052/IEWDR023S,Sediment, 2024-02-02,23.89,24.01,16.86,0.12,7.15,0.42,N/A
N/A,EV_022_INC-W5,10.58052/IEWDR023S,Sediment, 2024-02-06,23.53,24.01,16.86,0.48,7.15,0.42,N/A
N/A,EV_022_INC-W5,10.58052/IEWDR023S,Sediment, 2024-02-09,23.57,24.01,16.86,0.44,7.15,0.42,N/A
N/A,EV_022_INC-W5,10.58052/IEWDR023S,Sediment, 2024-02-13,23.46,24.02,16.86,0.56,7.16,0.42,N/A
N/A,EV_022_INC-W5,10.58052/IEWDR023S,Sediment, 2024-02-16,23.51,24.01,16.86,0.5,7.15,0.42,N/A
N/A,EV_022_INC-W5,10.58052/IEWDR023S,Sediment, 2024-02-20,23.31,24.01,16.86,0.7,7.15,0.42,N/A
N/A,EV_023_INC-D1,10.58052/IEWDR023T,Sediment, 2024-02-01,19.95,-9999,10.18,-9999,9.77,0.96,N/A
N/A,EV_023_INC-D1,10.58052/IEWDR023T,Sediment, 2024-02-02,19.81,-9999,10.18,-9999,9.63,0.95,N/A
N/A,EV_023_INC-D1,10.58052/IEWDR023T,Sediment, 2024-02-06,19.42,-9999,10.18,-9999,9.24,0.91,N/A
N/A,EV_023_INC-D1,10.58052/IEWDR023T,Sediment, 2024-02-09,19.05,-9999,10.18,-9999,8.87,0.87,N/A
N/A,EV_023_INC-D1,10.58052/IEWDR023T,Sediment, 2024-02-13,18.53,-9999,10.18,-9999,8.35,0.82,N/A
N/A,EV_023_INC-D1,10.58052/IEWDR023T,Sediment, 2024-02-16,18.13,-9999,10.18,-9999,7.95,0.78,N/A
N/A,EV_023_INC-D1,10.58052/IEWDR023T,Sediment, 2024-02-20,17.6,-9999,10.18,-9999,7.42,0.73,N/A
N/A,EV_023_INC-D2,10.58052/IEWDR023T,Sediment, 2024-02-01,20.07,-9999,10.24,-9999,9.83,0.96,N/A
N/A,EV_023_INC-D2,10.58052/IEWDR023T,Sediment, 2024-02-02,19.95,-9999,10.24,-9999,9.71,0.95,N/A
N/A,EV_023_INC-D2,10.58052/IEWDR023T,Sediment, 2024-02-06,19.46,-9999,10.24,-9999,9.22,0.9,N/A
N/A,EV_023_INC-D2,10.58052/IEWDR023T,Sediment, 2024-02-09,18.95,-9999,10.24,-9999,8.71,0.85,N/A
N/A,EV_023_INC-D2,10.58052/IEWDR023T,Sediment, 2024-02-13,18.35,-9999,10.24,-9999,8.11,0.79,N/A
N/A,EV_023_INC-D2,10.58052/IEWDR023T,Sediment, 2024-02-16,17.93,-9999,10.24,-9999,7.69,0.75,N/A
N/A,EV_023_INC-D2,10.58052/IEWDR023T,Sediment, 2024-02-20,17.44,-9999,10.24,-9999,7.2,0.7,N/A
N/A,EV_023_INC-D3,10.58052/IEWDR023T,Sediment, 2024-02-01,20,-9999,10.2,-9999,9.8,0.96,N/A
N/A,EV_023_INC-D3,10.58052/IEWDR023T,Sediment, 2024-02-02,19.87,-9999,10.2,-9999,9.67,0.95,N/A
N/A,EV_023_INC-D3,10.58052/IEWDR023T,Sediment, 2024-02-06,19.18,-9999,10.2,-9999,8.98,0.88,N/A
N/A,EV_023_INC-D3,10.58052/IEWDR023T,Sediment, 2024-02-09,18.52,-9999,10.2,-9999,8.32,0.81,N/A
N/A,EV_023_INC-D3,10.58052/IEWDR023T,Sediment, 2024-02-13,17.83,-9999,10.2,-9999,7.63,0.75,N/A
N/A,EV_023_INC-D3,10.58052/IEWDR023T,Sediment, 2024-02-16,17.36,-9999,10.2,-9999,7.16,0.7,N/A
N/A,EV_023_INC-D3,10.58052/IEWDR023T,Sediment, 2024-02-20,16.71,-9999,10.2,-9999,6.51,0.64,N/A
N/A,EV_023_INC-D4,10.58052/IEWDR023T,Sediment, 2024-02-01,19.91,-9999,10.16,-9999,9.75,0.96,N/A
N/A,EV_023_INC-D4,10.58052/IEWDR023T,Sediment, 2024-02-02,19.76,-9999,10.16,-9999,9.6,0.95,N/A
N/A,EV_023_INC-D4,10.58052/IEWDR023T,Sediment, 2024-02-06,19.19,-9999,10.16,-9999,9.03,0.89,N/A
N/A,EV_023_INC-D4,10.58052/IEWDR023T,Sediment, 2024-02-09,18.64,-9999,10.16,-9999,8.48,0.83,N/A
N/A,EV_023_INC-D4,10.58052/IEWDR023T,Sediment, 2024-02-13,17.89,-9999,10.16,-9999,7.73,0.76,N/A
N/A,EV_023_INC-D4,10.58052/IEWDR023T,Sediment, 2024-02-16,17.5,-9999,10.16,-9999,7.34,0.72,N/A
N/A,EV_023_INC-D4,10.58052/IEWDR023T,Sediment, 2024-02-20,17.02,-9999,10.16,-9999,6.86,0.68,N/A
N/A,EV_023_INC-D5,10.58052/IEWDR023T,Sediment, 2024-02-01,20,-9999,10.2,-9999,9.8,0.96,N/A
N/A,EV_023_INC-D5,10.58052/IEWDR023T,Sediment, 2024-02-02,19.73,-9999,10.2,-9999,9.53,0.93,N/A
N/A,EV_023_INC-D5,10.58052/IEWDR023T,Sediment, 2024-02-06,19.01,-9999,10.2,-9999,8.81,0.86,N/A
N/A,EV_023_INC-D5,10.58052/IEWDR023T,Sediment, 2024-02-09,18.44,-9999,10.2,-9999,8.24,0.81,N/A
N/A,EV_023_INC-D5,10.58052/IEWDR023T,Sediment, 2024-02-13,17.81,-9999,10.2,-9999,7.61,0.75,N/A
N/A,EV_023_INC-D5,10.58052/IEWDR023T,Sediment, 2024-02-16,17.39,-9999,10.2,-9999,7.19,0.7,N/A
N/A,EV_023_INC-D5,10.58052/IEWDR023T,Sediment, 2024-02-20,16.83,-9999,10.2,-9999,6.63,0.65,N/A
N/A,EV_023_INC-W1,10.58052/IEWDR023T,Sediment, 2024-02-01,19.97,23.57,10.19,3.6,13.38,1.31,N/A
N/A,EV_023_INC-W1,10.58052/IEWDR023T,Sediment, 2024-02-02,23.4,23.58,10.19,0.18,13.39,1.31,N/A
N/A,EV_023_INC-W1,10.58052/IEWDR023T,Sediment, 2024-02-06,23.01,23.57,10.19,0.56,13.38,1.31,N/A
N/A,EV_023_INC-W1,10.58052/IEWDR023T,Sediment, 2024-02-09,22.84,23.57,10.19,0.73,13.38,1.31,N/A
N/A,EV_023_INC-W1,10.58052/IEWDR023T,Sediment, 2024-02-13,21.72,23.55,10.19,1.83,13.36,1.31,N/A
N/A,EV_023_INC-W1,10.58052/IEWDR023T,Sediment, 2024-02-16,22.89,23.56,10.19,0.67,13.37,1.31,N/A
N/A,EV_023_INC-W1,10.58052/IEWDR023T,Sediment, 2024-02-20,21.71,23.56,10.19,1.85,13.37,1.31,N/A
N/A,EV_023_INC-W2,10.58052/IEWDR023T,Sediment, 2024-02-01,19.96,23.95,10.18,3.99,13.77,1.35,N/A
N/A,EV_023_INC-W2,10.58052/IEWDR023T,Sediment, 2024-02-02,23.78,23.96,10.18,0.18,13.78,1.35,N/A
N/A,EV_023_INC-W2,10.58052/IEWDR023T,Sediment, 2024-02-06,23.22,23.95,10.18,0.73,13.77,1.35,N/A
N/A,EV_023_INC-W2,10.58052/IEWDR023T,Sediment, 2024-02-09,23.2,23.95,10.18,0.75,13.77,1.35,N/A
N/A,EV_023_INC-W2,10.58052/IEWDR023T,Sediment, 2024-02-13,23.06,32.95,10.18,9.89,22.77,2.24,N/A
N/A,EV_023_INC-W2,10.58052/IEWDR023T,Sediment, 2024-02-16,22.69,23.95,10.18,1.26,13.77,1.35,N/A
N/A,EV_023_INC-W2,10.58052/IEWDR023T,Sediment, 2024-02-20,21.99,23.95,10.18,1.96,13.77,1.35,N/A
N/A,EV_023_INC-W3,10.58052/IEWDR023T,Sediment, 2024-02-01,20.1,23.94,10.26,3.84,13.68,1.33,N/A
N/A,EV_023_INC-W3,10.58052/IEWDR023T,Sediment, 2024-02-02,23.72,23.94,10.26,0.22,13.68,1.33,N/A
N/A,EV_023_INC-W3,10.58052/IEWDR023T,Sediment, 2024-02-06,23.41,23.94,10.26,0.53,13.68,1.33,N/A
N/A,EV_023_INC-W3,10.58052/IEWDR023T,Sediment, 2024-02-09,23.29,23.94,10.26,0.65,13.68,1.33,N/A
N/A,EV_023_INC-W3,10.58052/IEWDR023T,Sediment, 2024-02-13,23.28,23.94,10.26,0.66,13.68,1.33,N/A
N/A,EV_023_INC-W3,10.58052/IEWDR023T,Sediment, 2024-02-16,23.31,23.94,10.26,0.63,13.68,1.33,N/A
N/A,EV_023_INC-W3,10.58052/IEWDR023T,Sediment, 2024-02-20,22.92,23.94,10.26,1.02,13.68,1.33,N/A
N/A,EV_023_INC-W4,10.58052/IEWDR023T,Sediment, 2024-02-01,19.95,23.9,10.18,3.95,13.72,1.35,N/A
N/A,EV_023_INC-W4,10.58052/IEWDR023T,Sediment, 2024-02-02,23.77,23.9,10.18,0.13,13.72,1.35,N/A
N/A,EV_023_INC-W4,10.58052/IEWDR023T,Sediment, 2024-02-06,23.49,23.9,10.18,0.41,13.72,1.35,N/A
N/A,EV_023_INC-W4,10.58052/IEWDR023T,Sediment, 2024-02-09,23.48,23.9,10.18,0.42,13.72,1.35,N/A
N/A,EV_023_INC-W4,10.58052/IEWDR023T,Sediment, 2024-02-13,23.31,23.9,10.18,0.59,13.72,1.35,N/A
N/A,EV_023_INC-W4,10.58052/IEWDR023T,Sediment, 2024-02-16,23.34,23.9,10.18,0.56,13.72,1.35,N/A
N/A,EV_023_INC-W4,10.58052/IEWDR023T,Sediment, 2024-02-20,23.31,23.9,10.18,0.59,13.72,1.35,N/A
N/A,EV_023_INC-W5,10.58052/IEWDR023T,Sediment, 2024-02-01,19.9,23.88,10.15,3.98,13.73,1.35,N/A
N/A,EV_023_INC-W5,10.58052/IEWDR023T,Sediment, 2024-02-02,23.76,23.88,10.15,0.12,13.73,1.35,N/A
N/A,EV_023_INC-W5,10.58052/IEWDR023T,Sediment, 2024-02-06,23.46,23.88,10.15,0.42,13.73,1.35,N/A
N/A,EV_023_INC-W5,10.58052/IEWDR023T,Sediment, 2024-02-09,23.42,23.88,10.15,0.46,13.73,1.35,N/A
N/A,EV_023_INC-W5,10.58052/IEWDR023T,Sediment, 2024-02-13,23.38,23.88,10.15,0.5,13.73,1.35,N/A
N/A,EV_023_INC-W5,10.58052/IEWDR023T,Sediment, 2024-02-16,23.41,23.88,10.15,0.47,13.73,1.35,N/A
N/A,EV_023_INC-W5,10.58052/IEWDR023T,Sediment, 2024-02-20,23.19,23.88,10.15,0.69,13.73,1.35,N/A
N/A,EV_024_INC-D1,10.58052/IEWDR023U,Sediment, 2024-02-01,19.93,-9999,9.79,-9999,10.14,1.04,N/A
N/A,EV_024_INC-D1,10.58052/IEWDR023U,Sediment, 2024-02-02,19.63,-9999,9.79,-9999,9.84,1.01,N/A
N/A,EV_024_INC-D1,10.58052/IEWDR023U,Sediment, 2024-02-06,18.2,-9999,9.79,-9999,8.41,0.86,N/A
N/A,EV_024_INC-D1,10.58052/IEWDR023U,Sediment, 2024-02-09,16.99,-9999,9.79,-9999,7.2,0.74,N/A
N/A,EV_024_INC-D1,10.58052/IEWDR023U,Sediment, 2024-02-13,16.02,-9999,9.79,-9999,6.23,0.64,N/A
N/A,EV_024_INC-D1,10.58052/IEWDR023U,Sediment, 2024-02-16,15.56,-9999,9.79,-9999,5.77,0.59,N/A
N/A,EV_024_INC-D1,10.58052/IEWDR023U,Sediment, 2024-02-20,15.01,-9999,9.79,-9999,5.22,0.53,N/A
N/A,EV_024_INC-D2,10.58052/IEWDR023U,Sediment, 2024-02-01,19.99,-9999,9.82,-9999,10.17,1.04,N/A
N/A,EV_024_INC-D2,10.58052/IEWDR023U,Sediment, 2024-02-02,19.68,-9999,9.82,-9999,9.86,1.01,N/A
N/A,EV_024_INC-D2,10.58052/IEWDR023U,Sediment, 2024-02-06,18.68,-9999,9.82,-9999,8.86,0.9,N/A
N/A,EV_024_INC-D2,10.58052/IEWDR023U,Sediment, 2024-02-09,17.88,-9999,9.82,-9999,8.06,0.82,N/A
N/A,EV_024_INC-D2,10.58052/IEWDR023U,Sediment, 2024-02-13,17.22,-9999,9.82,-9999,7.4,0.75,N/A
N/A,EV_024_INC-D2,10.58052/IEWDR023U,Sediment, 2024-02-16,16.73,-9999,9.82,-9999,6.91,0.7,N/A
N/A,EV_024_INC-D2,10.58052/IEWDR023U,Sediment, 2024-02-20,16.14,-9999,9.82,-9999,6.32,0.64,N/A
N/A,EV_024_INC-D3,10.58052/IEWDR023U,Sediment, 2024-02-01,19.96,-9999,9.8,-9999,10.16,1.04,N/A
N/A,EV_024_INC-D3,10.58052/IEWDR023U,Sediment, 2024-02-02,19.73,-9999,9.8,-9999,9.93,1.01,N/A
N/A,EV_024_INC-D3,10.58052/IEWDR023U,Sediment, 2024-02-06,18.77,-9999,9.8,-9999,8.97,0.92,N/A
N/A,EV_024_INC-D3,10.58052/IEWDR023U,Sediment, 2024-02-09,17.8,-9999,9.8,-9999,8,0.82,N/A
N/A,EV_024_INC-D3,10.58052/IEWDR023U,Sediment, 2024-02-13,16.82,-9999,9.8,-9999,7.02,0.72,N/A
N/A,EV_024_INC-D3,10.58052/IEWDR023U,Sediment, 2024-02-16,16.21,-9999,9.8,-9999,6.41,0.65,N/A
N/A,EV_024_INC-D3,10.58052/IEWDR023U,Sediment, 2024-02-20,15.6,-9999,9.8,-9999,5.8,0.59,N/A
N/A,EV_024_INC-D4,10.58052/IEWDR023U,Sediment, 2024-02-01,19.95,-9999,9.8,-9999,10.15,1.04,N/A
N/A,EV_024_INC-D4,10.58052/IEWDR023U,Sediment, 2024-02-02,19.73,-9999,9.8,-9999,9.93,1.01,N/A
N/A,EV_024_INC-D4,10.58052/IEWDR023U,Sediment, 2024-02-06,18.71,-9999,9.8,-9999,8.91,0.91,N/A
N/A,EV_024_INC-D4,10.58052/IEWDR023U,Sediment, 2024-02-09,17.67,-9999,9.8,-9999,7.87,0.8,N/A
N/A,EV_024_INC-D4,10.58052/IEWDR023U,Sediment, 2024-02-13,16.79,-9999,9.8,-9999,6.99,0.71,N/A
N/A,EV_024_INC-D4,10.58052/IEWDR023U,Sediment, 2024-02-16,16.27,-9999,9.8,-9999,6.47,0.66,N/A
N/A,EV_024_INC-D4,10.58052/IEWDR023U,Sediment, 2024-02-20,15.67,-9999,9.8,-9999,5.87,0.6,N/A
N/A,EV_024_INC-D5,10.58052/IEWDR023U,Sediment, 2024-02-01,19.94,-9999,9.79,-9999,10.15,1.04,N/A
N/A,EV_024_INC-D5,10.58052/IEWDR023U,Sediment, 2024-02-02,19.64,-9999,9.79,-9999,9.85,1.01,N/A
N/A,EV_024_INC-D5,10.58052/IEWDR023U,Sediment, 2024-02-06,18.62,-9999,9.79,-9999,8.83,0.9,N/A
N/A,EV_024_INC-D5,10.58052/IEWDR023U,Sediment, 2024-02-09,17.67,-9999,9.79,-9999,7.88,0.8,N/A
N/A,EV_024_INC-D5,10.58052/IEWDR023U,Sediment, 2024-02-13,16.61,-9999,9.79,-9999,6.82,0.7,N/A
N/A,EV_024_INC-D5,10.58052/IEWDR023U,Sediment, 2024-02-16,16.1,-9999,9.79,-9999,6.31,0.64,N/A
N/A,EV_024_INC-D5,10.58052/IEWDR023U,Sediment, 2024-02-20,15.57,-9999,9.79,-9999,5.78,0.59,N/A
N/A,EV_024_INC-W1,10.58052/IEWDR023U,Sediment, 2024-02-01,20.08,24.13,9.86,4.05,14.27,1.45,N/A
N/A,EV_024_INC-W1,10.58052/IEWDR023U,Sediment, 2024-02-02,23.68,24.12,9.86,0.44,14.26,1.45,N/A
N/A,EV_024_INC-W1,10.58052/IEWDR023U,Sediment, 2024-02-06,22.56,24.12,9.86,1.56,14.26,1.45,N/A
N/A,EV_024_INC-W1,10.58052/IEWDR023U,Sediment, 2024-02-09,23.07,24.13,9.86,1.06,14.27,1.45,N/A
N/A,EV_024_INC-W1,10.58052/IEWDR023U,Sediment, 2024-02-13,22.67,24.13,9.86,1.46,14.27,1.45,N/A
N/A,EV_024_INC-W1,10.58052/IEWDR023U,Sediment, 2024-02-16,22.7,24.13,9.86,1.43,14.27,1.45,N/A
N/A,EV_024_INC-W1,10.58052/IEWDR023U,Sediment, 2024-02-20,22.99,24.13,9.86,1.14,14.27,1.45,N/A
N/A,EV_024_INC-W2,10.58052/IEWDR023U,Sediment, 2024-02-01,20.02,24.06,9.83,4.04,14.23,1.45,N/A
N/A,EV_024_INC-W2,10.58052/IEWDR023U,Sediment, 2024-02-02,23.81,24.06,9.83,0.25,14.23,1.45,N/A
N/A,EV_024_INC-W2,10.58052/IEWDR023U,Sediment, 2024-02-06,22.92,24.05,9.83,1.13,14.22,1.45,N/A
N/A,EV_024_INC-W2,10.58052/IEWDR023U,Sediment, 2024-02-09,22.87,24.05,9.83,1.18,14.22,1.45,N/A
N/A,EV_024_INC-W2,10.58052/IEWDR023U,Sediment, 2024-02-13,23.01,24.06,9.83,1.05,14.23,1.45,N/A
N/A,EV_024_INC-W2,10.58052/IEWDR023U,Sediment, 2024-02-16,22.94,24.06,9.83,1.12,14.23,1.45,N/A
N/A,EV_024_INC-W2,10.58052/IEWDR023U,Sediment, 2024-02-20,23.25,24.06,9.83,0.81,14.23,1.45,N/A
N/A,EV_024_INC-W3,10.58052/IEWDR023U,Sediment, 2024-02-01,20.02,24.06,9.83,4.04,14.23,1.45,N/A
N/A,EV_024_INC-W3,10.58052/IEWDR023U,Sediment, 2024-02-02,23.84,24.07,9.83,0.23,14.24,1.45,N/A
N/A,EV_024_INC-W3,10.58052/IEWDR023U,Sediment, 2024-02-06,23.22,24.06,9.83,0.84,14.23,1.45,N/A
N/A,EV_024_INC-W3,10.58052/IEWDR023U,Sediment, 2024-02-09,23.24,24.06,9.83,0.82,14.23,1.45,N/A
N/A,EV_024_INC-W3,10.58052/IEWDR023U,Sediment, 2024-02-13,22.77,24.06,9.83,1.29,14.23,1.45,N/A
N/A,EV_024_INC-W3,10.58052/IEWDR023U,Sediment, 2024-02-16,23.19,24.06,9.83,0.87,14.23,1.45,N/A
N/A,EV_024_INC-W3,10.58052/IEWDR023U,Sediment, 2024-02-20,23.22,24.06,9.83,0.84,14.23,1.45,N/A
N/A,EV_024_INC-W4,10.58052/IEWDR023U,Sediment, 2024-02-01,20.03,24.04,9.83,4.01,14.21,1.44,N/A
N/A,EV_024_INC-W4,10.58052/IEWDR023U,Sediment, 2024-02-02,23.78,24.05,9.83,0.27,14.22,1.45,N/A
N/A,EV_024_INC-W4,10.58052/IEWDR023U,Sediment, 2024-02-06,23.16,24.04,9.83,0.88,14.21,1.44,N/A
N/A,EV_024_INC-W4,10.58052/IEWDR023U,Sediment, 2024-02-09,23.22,24.04,9.83,0.82,14.21,1.44,N/A
N/A,EV_024_INC-W4,10.58052/IEWDR023U,Sediment, 2024-02-13,23.28,24.04,9.83,0.76,14.21,1.44,N/A
N/A,EV_024_INC-W4,10.58052/IEWDR023U,Sediment, 2024-02-16,22.56,24.03,9.83,1.47,14.2,1.44,N/A
N/A,EV_024_INC-W4,10.58052/IEWDR023U,Sediment, 2024-02-20,22.52,24.03,9.83,1.51,14.2,1.44,N/A
N/A,EV_024_INC-W5,10.58052/IEWDR023U,Sediment, 2024-02-01,19.97,23.85,9.81,3.88,14.04,1.43,N/A
N/A,EV_024_INC-W5,10.58052/IEWDR023U,Sediment, 2024-02-02,23.59,23.85,9.81,0.26,14.04,1.43,N/A
N/A,EV_024_INC-W5,10.58052/IEWDR023U,Sediment, 2024-02-06,23.21,23.84,9.81,0.63,14.03,1.43,N/A
N/A,EV_024_INC-W5,10.58052/IEWDR023U,Sediment, 2024-02-09,23.32,23.85,9.81,0.53,14.04,1.43,N/A
N/A,EV_024_INC-W5,10.58052/IEWDR023U,Sediment, 2024-02-13,22.33,23.1,9.81,0.77,13.29,1.36,N/A
N/A,EV_024_INC-W5,10.58052/IEWDR023U,Sediment, 2024-02-16,22.51,23.85,9.81,1.34,14.04,1.43,N/A
N/A,EV_024_INC-W5,10.58052/IEWDR023U,Sediment, 2024-02-20,23,23.85,9.81,0.85,14.04,1.43,N/A
N/A,EV_025_INC-D1,10.58052/IEWDR023V,Sediment, 2024-02-08,20,-9999,12.1,-9999,7.9,0.65,N/A
N/A,EV_025_INC-D1,10.58052/IEWDR023V,Sediment, 2024-02-09,19.72,-9999,12.1,-9999,7.62,0.63,N/A
N/A,EV_025_INC-D1,10.58052/IEWDR023V,Sediment, 2024-02-13,18.52,-9999,12.1,-9999,6.42,0.53,N/A
N/A,EV_025_INC-D1,10.58052/IEWDR023V,Sediment, 2024-02-16,17.68,-9999,12.1,-9999,5.58,0.46,N/A
N/A,EV_025_INC-D1,10.58052/IEWDR023V,Sediment, 2024-02-20,16.43,-9999,12.1,-9999,4.33,0.36,N/A
N/A,EV_025_INC-D1,10.58052/IEWDR023V,Sediment, 2024-02-23,15.74,-9999,12.1,-9999,3.64,0.3,N/A
N/A,EV_025_INC-D1,10.58052/IEWDR023V,Sediment, 2024-02-27,14.9,-9999,12.1,-9999,2.8,0.23,N/A
N/A,EV_025_INC-D2,10.58052/IEWDR023V,Sediment, 2024-02-08,19.92,-9999,12.05,-9999,7.87,0.65,N/A
N/A,EV_025_INC-D2,10.58052/IEWDR023V,Sediment, 2024-02-09,19.55,-9999,12.05,-9999,7.5,0.62,N/A
N/A,EV_025_INC-D2,10.58052/IEWDR023V,Sediment, 2024-02-13,18.27,-9999,12.05,-9999,6.22,0.52,N/A
N/A,EV_025_INC-D2,10.58052/IEWDR023V,Sediment, 2024-02-16,17.2,-9999,12.05,-9999,5.15,0.43,N/A
N/A,EV_025_INC-D2,10.58052/IEWDR023V,Sediment, 2024-02-20,16.09,-9999,12.05,-9999,4.04,0.34,N/A
N/A,EV_025_INC-D2,10.58052/IEWDR023V,Sediment, 2024-02-23,15.49,-9999,12.05,-9999,3.44,0.29,N/A
N/A,EV_025_INC-D2,10.58052/IEWDR023V,Sediment, 2024-02-27,14.76,-9999,12.05,-9999,2.71,0.23,N/A
N/A,EV_025_INC-D3,10.58052/IEWDR023V,Sediment, 2024-02-08,20.05,-9999,12.13,-9999,7.92,0.65,N/A
N/A,EV_025_INC-D3,10.58052/IEWDR023V,Sediment, 2024-02-09,19.67,-9999,12.13,-9999,7.54,0.62,N/A
N/A,EV_025_INC-D3,10.58052/IEWDR023V,Sediment, 2024-02-13,18.28,-9999,12.13,-9999,6.15,0.51,N/A
N/A,EV_025_INC-D3,10.58052/IEWDR023V,Sediment, 2024-02-16,16.91,-9999,12.13,-9999,4.78,0.39,N/A
N/A,EV_025_INC-D3,10.58052/IEWDR023V,Sediment, 2024-02-20,15.92,-9999,12.13,-9999,3.79,0.31,N/A
N/A,EV_025_INC-D3,10.58052/IEWDR023V,Sediment, 2024-02-23,15.26,-9999,12.13,-9999,3.13,0.26,N/A
N/A,EV_025_INC-D3,10.58052/IEWDR023V,Sediment, 2024-02-27,14.54,-9999,12.13,-9999,2.41,0.2,N/A
N/A,EV_025_INC-D4,10.58052/IEWDR023V,Sediment, 2024-02-08,19.97,-9999,12.08,-9999,7.89,0.65,N/A
N/A,EV_025_INC-D4,10.58052/IEWDR023V,Sediment, 2024-02-09,19.59,-9999,12.08,-9999,7.51,0.62,N/A
N/A,EV_025_INC-D4,10.58052/IEWDR023V,Sediment, 2024-02-13,18.41,-9999,12.08,-9999,6.33,0.52,N/A
N/A,EV_025_INC-D4,10.58052/IEWDR023V,Sediment, 2024-02-16,17.61,-9999,12.08,-9999,5.53,0.46,N/A
N/A,EV_025_INC-D4,10.58052/IEWDR023V,Sediment, 2024-02-20,16.82,-9999,12.08,-9999,4.74,0.39,N/A
N/A,EV_025_INC-D4,10.58052/IEWDR023V,Sediment, 2024-02-23,16.32,-9999,12.08,-9999,4.24,0.35,N/A
N/A,EV_025_INC-D4,10.58052/IEWDR023V,Sediment, 2024-02-27,15.71,-9999,12.08,-9999,3.63,0.3,N/A
N/A,EV_025_INC-D5,10.58052/IEWDR023V,Sediment, 2024-02-08,20.07,-9999,12.14,-9999,7.93,0.65,N/A
N/A,EV_025_INC-D5,10.58052/IEWDR023V,Sediment, 2024-02-09,19.67,-9999,12.14,-9999,7.53,0.62,N/A
N/A,EV_025_INC-D5,10.58052/IEWDR023V,Sediment, 2024-02-13,18.54,-9999,12.14,-9999,6.4,0.53,N/A
N/A,EV_025_INC-D5,10.58052/IEWDR023V,Sediment, 2024-02-16,17.64,-9999,12.14,-9999,5.5,0.45,N/A
N/A,EV_025_INC-D5,10.58052/IEWDR023V,Sediment, 2024-02-20,16.43,-9999,12.14,-9999,4.29,0.35,N/A
N/A,EV_025_INC-D5,10.58052/IEWDR023V,Sediment, 2024-02-23,15.86,-9999,12.14,-9999,3.72,0.31,N/A
N/A,EV_025_INC-D5,10.58052/IEWDR023V,Sediment, 2024-02-27,15.22,-9999,12.14,-9999,3.08,0.25,N/A
N/A,EV_025_INC-W1,10.58052/IEWDR023V,Sediment, 2024-02-08,20.09,22.85,12.15,2.76,10.7,0.88,N/A
N/A,EV_025_INC-W1,10.58052/IEWDR023V,Sediment, 2024-02-09,22.55,22.85,12.15,0.3,10.7,0.88,N/A
N/A,EV_025_INC-W1,10.58052/IEWDR023V,Sediment, 2024-02-13,22.09,22.85,12.15,0.76,10.7,0.88,N/A
N/A,EV_025_INC-W1,10.58052/IEWDR023V,Sediment, 2024-02-16,22.17,22.85,12.15,0.68,10.7,0.88,N/A
N/A,EV_025_INC-W1,10.58052/IEWDR023V,Sediment, 2024-02-20,21.82,22.84,12.15,1.02,10.69,0.88,N/A
N/A,EV_025_INC-W1,10.58052/IEWDR023V,Sediment, 2024-02-23,22.21,22.85,12.15,0.64,10.7,0.88,N/A
N/A,EV_025_INC-W1,10.58052/IEWDR023V,Sediment, 2024-02-27,22.39,22.85,12.15,0.46,10.7,0.88,N/A
N/A,EV_025_INC-W2,10.58052/IEWDR023V,Sediment, 2024-02-08,19.99,22.96,12.09,2.97,10.87,0.9,N/A
N/A,EV_025_INC-W2,10.58052/IEWDR023V,Sediment, 2024-02-09,22.65,22.96,12.09,0.31,10.87,0.9,N/A
N/A,EV_025_INC-W2,10.58052/IEWDR023V,Sediment, 2024-02-13,22.05,22.96,12.09,0.91,10.87,0.9,N/A
N/A,EV_025_INC-W2,10.58052/IEWDR023V,Sediment, 2024-02-16,22.33,22.96,12.09,0.63,10.87,0.9,N/A
N/A,EV_025_INC-W2,10.58052/IEWDR023V,Sediment, 2024-02-20,22.14,22.96,12.09,0.82,10.87,0.9,N/A
N/A,EV_025_INC-W2,10.58052/IEWDR023V,Sediment, 2024-02-23,22.32,22.96,12.09,0.64,10.87,0.9,N/A
N/A,EV_025_INC-W2,10.58052/IEWDR023V,Sediment, 2024-02-27,21.46,22.96,12.09,1.5,10.87,0.9,N/A
N/A,EV_025_INC-W3,10.58052/IEWDR023V,Sediment, 2024-02-08,19.93,22.72,12.05,2.79,10.67,0.88,N/A
N/A,EV_025_INC-W3,10.58052/IEWDR023V,Sediment, 2024-02-09,22.36,22.72,12.05,0.36,10.67,0.88,N/A
N/A,EV_025_INC-W3,10.58052/IEWDR023V,Sediment, 2024-02-13,21.78,22.72,12.05,0.94,10.67,0.88,N/A
N/A,EV_025_INC-W3,10.58052/IEWDR023V,Sediment, 2024-02-16,22.05,22.72,12.05,0.67,10.67,0.88,N/A
N/A,EV_025_INC-W3,10.58052/IEWDR023V,Sediment, 2024-02-20,22.11,22.72,12.05,0.61,10.67,0.88,N/A
N/A,EV_025_INC-W3,10.58052/IEWDR023V,Sediment, 2024-02-23,21.68,22.72,12.05,1.04,10.67,0.88,N/A
N/A,EV_025_INC-W3,10.58052/IEWDR023V,Sediment, 2024-02-27,21.51,22.71,12.05,1.2,10.66,0.88,N/A
N/A,EV_025_INC-W4,10.58052/IEWDR023V,Sediment, 2024-02-08,20.05,22.81,12.13,2.76,10.68,0.88,N/A
N/A,EV_025_INC-W4,10.58052/IEWDR023V,Sediment, 2024-02-09,22.5,22.81,12.13,0.31,10.68,0.88,N/A
N/A,EV_025_INC-W4,10.58052/IEWDR023V,Sediment, 2024-02-13,22.16,22.81,12.13,0.65,10.68,0.88,N/A
N/A,EV_025_INC-W4,10.58052/IEWDR023V,Sediment, 2024-02-16,22.27,22.81,12.13,0.54,10.68,0.88,N/A
N/A,EV_025_INC-W4,10.58052/IEWDR023V,Sediment, 2024-02-20,22.05,22.81,12.13,0.76,10.68,0.88,N/A
N/A,EV_025_INC-W4,10.58052/IEWDR023V,Sediment, 2024-02-23,22.19,22.81,12.13,0.62,10.68,0.88,N/A
N/A,EV_025_INC-W4,10.58052/IEWDR023V,Sediment, 2024-02-27,21.74,22.81,12.13,1.07,10.68,0.88,N/A
N/A,EV_025_INC-W5,10.58052/IEWDR023V,Sediment, 2024-02-08,19.92,22.61,12.05,2.69,10.56,0.88,N/A
N/A,EV_025_INC-W5,10.58052/IEWDR023V,Sediment, 2024-02-09,22.33,22.61,12.05,0.28,10.56,0.88,N/A
N/A,EV_025_INC-W5,10.58052/IEWDR023V,Sediment, 2024-02-13,21.93,22.61,12.05,0.68,10.56,0.88,N/A
N/A,EV_025_INC-W5,10.58052/IEWDR023V,Sediment, 2024-02-16,21.98,22.61,12.05,0.63,10.56,0.88,N/A
N/A,EV_025_INC-W5,10.58052/IEWDR023V,Sediment, 2024-02-20,21.96,22.61,12.05,0.65,10.56,0.88,N/A
N/A,EV_025_INC-W5,10.58052/IEWDR023V,Sediment, 2024-02-23,21.86,22.61,12.05,0.75,10.56,0.88,N/A
N/A,EV_025_INC-W5,10.58052/IEWDR023V,Sediment, 2024-02-27,21.6,22.6,12.05,1,10.55,0.88,N/A
N/A,EV_026_INC-D1,10.58052/IEWDR023W,Sediment, 2024-02-08,15.03,-9999,12.32,-9999,2.71,0.22,N/A
N/A,EV_026_INC-D1,10.58052/IEWDR023W,Sediment, 2024-02-09,14.92,-9999,12.32,-9999,2.6,0.21,N/A
N/A,EV_026_INC-D1,10.58052/IEWDR023W,Sediment, 2024-02-13,14.52,-9999,12.32,-9999,2.2,0.18,N/A
N/A,EV_026_INC-D1,10.58052/IEWDR023W,Sediment, 2024-02-16,14.17,-9999,12.32,-9999,1.85,0.15,N/A
N/A,EV_026_INC-D1,10.58052/IEWDR023W,Sediment, 2024-02-20,13.76,-9999,12.32,-9999,1.44,0.12,N/A
N/A,EV_026_INC-D1,10.58052/IEWDR023W,Sediment, 2024-02-23,13.45,-9999,12.32,-9999,1.13,0.09,N/A
N/A,EV_026_INC-D1,10.58052/IEWDR023W,Sediment, 2024-02-27,13.1,-9999,12.32,-9999,0.78,0.06,N/A
N/A,EV_026_INC-D2,10.58052/IEWDR023W,Sediment, 2024-02-08,14.95,-9999,12.25,-9999,2.7,0.22,N/A
N/A,EV_026_INC-D2,10.58052/IEWDR023W,Sediment, 2024-02-09,14.83,-9999,12.25,-9999,2.58,0.21,N/A
N/A,EV_026_INC-D2,10.58052/IEWDR023W,Sediment, 2024-02-13,14.36,-9999,12.25,-9999,2.11,0.17,N/A
N/A,EV_026_INC-D2,10.58052/IEWDR023W,Sediment, 2024-02-16,13.97,-9999,12.25,-9999,1.72,0.14,N/A
N/A,EV_026_INC-D2,10.58052/IEWDR023W,Sediment, 2024-02-20,13.5,-9999,12.25,-9999,1.25,0.1,N/A
N/A,EV_026_INC-D2,10.58052/IEWDR023W,Sediment, 2024-02-23,13.26,-9999,12.25,-9999,1.01,0.08,N/A
N/A,EV_026_INC-D2,10.58052/IEWDR023W,Sediment, 2024-02-27,12.97,-9999,12.25,-9999,0.72,0.06,N/A
N/A,EV_026_INC-D3,10.58052/IEWDR023W,Sediment, 2024-02-08,15.02,-9999,12.31,-9999,2.71,0.22,N/A
N/A,EV_026_INC-D3,10.58052/IEWDR023W,Sediment, 2024-02-09,14.87,-9999,12.31,-9999,2.56,0.21,N/A
N/A,EV_026_INC-D3,10.58052/IEWDR023W,Sediment, 2024-02-13,14.41,-9999,12.31,-9999,2.1,0.17,N/A
N/A,EV_026_INC-D3,10.58052/IEWDR023W,Sediment, 2024-02-16,13.99,-9999,12.31,-9999,1.68,0.14,N/A
N/A,EV_026_INC-D3,10.58052/IEWDR023W,Sediment, 2024-02-20,13.54,-9999,12.31,-9999,1.23,0.1,N/A
N/A,EV_026_INC-D3,10.58052/IEWDR023W,Sediment, 2024-02-23,13.3,-9999,12.31,-9999,0.99,0.08,N/A
N/A,EV_026_INC-D3,10.58052/IEWDR023W,Sediment, 2024-02-27,13.02,-9999,12.31,-9999,0.71,0.06,N/A
N/A,EV_026_INC-D4,10.58052/IEWDR023W,Sediment, 2024-02-08,14.92,-9999,12.23,-9999,2.69,0.22,N/A
N/A,EV_026_INC-D4,10.58052/IEWDR023W,Sediment, 2024-02-09,14.76,-9999,12.23,-9999,2.53,0.21,N/A
N/A,EV_026_INC-D4,10.58052/IEWDR023W,Sediment, 2024-02-13,14.36,-9999,12.23,-9999,2.13,0.17,N/A
N/A,EV_026_INC-D4,10.58052/IEWDR023W,Sediment, 2024-02-16,13.98,-9999,12.23,-9999,1.75,0.14,N/A
N/A,EV_026_INC-D4,10.58052/IEWDR023W,Sediment, 2024-02-20,13.48,-9999,12.23,-9999,1.25,0.1,N/A
N/A,EV_026_INC-D4,10.58052/IEWDR023W,Sediment, 2024-02-23,13.22,-9999,12.23,-9999,0.99,0.08,N/A
N/A,EV_026_INC-D4,10.58052/IEWDR023W,Sediment, 2024-02-27,12.93,-9999,12.23,-9999,0.7,0.06,N/A
N/A,EV_026_INC-D5,10.58052/IEWDR023W,Sediment, 2024-02-08,14.93,-9999,12.24,-9999,2.69,0.22,N/A
N/A,EV_026_INC-D5,10.58052/IEWDR023W,Sediment, 2024-02-09,14.8,-9999,12.24,-9999,2.56,0.21,N/A
N/A,EV_026_INC-D5,10.58052/IEWDR023W,Sediment, 2024-02-13,14.37,-9999,12.24,-9999,2.13,0.17,N/A
N/A,EV_026_INC-D5,10.58052/IEWDR023W,Sediment, 2024-02-16,14,-9999,12.24,-9999,1.76,0.14,N/A
N/A,EV_026_INC-D5,10.58052/IEWDR023W,Sediment, 2024-02-20,13.56,-9999,12.24,-9999,1.32,0.11,N/A
N/A,EV_026_INC-D5,10.58052/IEWDR023W,Sediment, 2024-02-23,13.32,-9999,12.24,-9999,1.08,0.09,N/A
N/A,EV_026_INC-D5,10.58052/IEWDR023W,Sediment, 2024-02-27,12.96,-9999,12.24,-9999,0.72,0.06,N/A
N/A,EV_026_INC-W1,10.58052/IEWDR023W,Sediment, 2024-02-08,14.93,24.99,12.24,10.06,12.75,1.04,N/A
N/A,EV_026_INC-W1,10.58052/IEWDR023W,Sediment, 2024-02-09,24.87,24.99,12.24,0.12,12.75,1.04,N/A
N/A,EV_026_INC-W1,10.58052/IEWDR023W,Sediment, 2024-02-13,24.53,24.99,12.24,0.46,12.75,1.04,N/A
N/A,EV_026_INC-W1,10.58052/IEWDR023W,Sediment, 2024-02-16,24.54,24.99,12.24,0.45,12.75,1.04,N/A
N/A,EV_026_INC-W1,10.58052/IEWDR023W,Sediment, 2024-02-20,24.33,24.99,12.24,0.66,12.75,1.04,N/A
N/A,EV_026_INC-W1,10.58052/IEWDR023W,Sediment, 2024-02-23,24.58,24.99,12.24,0.41,12.75,1.04,N/A
N/A,EV_026_INC-W1,10.58052/IEWDR023W,Sediment, 2024-02-27,24.31,24.99,12.24,0.68,12.75,1.04,N/A
N/A,EV_026_INC-W2,10.58052/IEWDR023W,Sediment, 2024-02-08,14.98,25.05,12.28,10.07,12.77,1.04,N/A
N/A,EV_026_INC-W2,10.58052/IEWDR023W,Sediment, 2024-02-09,24.93,25.05,12.28,0.12,12.77,1.04,N/A
N/A,EV_026_INC-W2,10.58052/IEWDR023W,Sediment, 2024-02-13,24.61,25.05,12.28,0.44,12.77,1.04,N/A
N/A,EV_026_INC-W2,10.58052/IEWDR023W,Sediment, 2024-02-16,24.7,25.05,12.28,0.35,12.77,1.04,N/A
N/A,EV_026_INC-W2,10.58052/IEWDR023W,Sediment, 2024-02-20,24.65,25.05,12.28,0.4,12.77,1.04,N/A
N/A,EV_026_INC-W2,10.58052/IEWDR023W,Sediment, 2024-02-23,24.73,25.04,12.28,0.31,12.76,1.04,N/A
N/A,EV_026_INC-W2,10.58052/IEWDR023W,Sediment, 2024-02-27,24.47,25.05,12.28,0.58,12.77,1.04,N/A
N/A,EV_026_INC-W3,10.58052/IEWDR023W,Sediment, 2024-02-08,14.93,25.01,12.24,10.08,12.77,1.04,N/A
N/A,EV_026_INC-W3,10.58052/IEWDR023W,Sediment, 2024-02-09,24.88,25.01,12.24,0.13,12.77,1.04,N/A
N/A,EV_026_INC-W3,10.58052/IEWDR023W,Sediment, 2024-02-13,24.59,25,12.24,0.41,12.76,1.04,N/A
N/A,EV_026_INC-W3,10.58052/IEWDR023W,Sediment, 2024-02-16,24.55,25.01,12.24,0.46,12.77,1.04,N/A
N/A,EV_026_INC-W3,10.58052/IEWDR023W,Sediment, 2024-02-20,24.45,25,12.24,0.55,12.76,1.04,N/A
N/A,EV_026_INC-W3,10.58052/IEWDR023W,Sediment, 2024-02-23,24.63,25.01,12.24,0.38,12.77,1.04,N/A
N/A,EV_026_INC-W3,10.58052/IEWDR023W,Sediment, 2024-02-27,24.28,25.01,12.24,0.73,12.77,1.04,N/A
N/A,EV_026_INC-W4,10.58052/IEWDR023W,Sediment, 2024-02-08,14.94,25.07,12.25,10.13,12.82,1.05,N/A
N/A,EV_026_INC-W4,10.58052/IEWDR023W,Sediment, 2024-02-09,24.93,25.07,12.25,0.14,12.82,1.05,N/A
N/A,EV_026_INC-W4,10.58052/IEWDR023W,Sediment, 2024-02-13,24.64,25.07,12.25,0.43,12.82,1.05,N/A
N/A,EV_026_INC-W4,10.58052/IEWDR023W,Sediment, 2024-02-16,24.64,25.07,12.25,0.43,12.82,1.05,N/A
N/A,EV_026_INC-W4,10.58052/IEWDR023W,Sediment, 2024-02-20,24.47,25.07,12.25,0.6,12.82,1.05,N/A
N/A,EV_026_INC-W4,10.58052/IEWDR023W,Sediment, 2024-02-23,24.65,25.07,12.25,0.42,12.82,1.05,N/A
N/A,EV_026_INC-W4,10.58052/IEWDR023W,Sediment, 2024-02-27,24.36,25.07,12.25,0.71,12.82,1.05,N/A
N/A,EV_026_INC-W5,10.58052/IEWDR023W,Sediment, 2024-02-08,15.1,25.16,12.38,10.06,12.78,1.03,N/A
N/A,EV_026_INC-W5,10.58052/IEWDR023W,Sediment, 2024-02-09,25.05,25.16,12.38,0.11,12.78,1.03,N/A
N/A,EV_026_INC-W5,10.58052/IEWDR023W,Sediment, 2024-02-13,24.74,25.16,12.38,0.42,12.78,1.03,N/A
N/A,EV_026_INC-W5,10.58052/IEWDR023W,Sediment, 2024-02-16,24.79,25.16,12.38,0.37,12.78,1.03,N/A
N/A,EV_026_INC-W5,10.58052/IEWDR023W,Sediment, 2024-02-20,24.57,25.16,12.38,0.59,12.78,1.03,N/A
N/A,EV_026_INC-W5,10.58052/IEWDR023W,Sediment, 2024-02-23,24.87,25.16,12.38,0.29,12.78,1.03,N/A
N/A,EV_026_INC-W5,10.58052/IEWDR023W,Sediment, 2024-02-27,24.61,25.16,12.38,0.55,12.78,1.03,N/A
N/A,EV_027_INC-D1,10.58052/IEWDR023X,Sediment, 2024-02-08,20.01,-9999,15.43,-9999,4.58,0.3,N/A
N/A,EV_027_INC-D1,10.58052/IEWDR023X,Sediment, 2024-02-09,19.82,-9999,15.43,-9999,4.39,0.28,N/A
N/A,EV_027_INC-D1,10.58052/IEWDR023X,Sediment, 2024-02-13,19.28,-9999,15.43,-9999,3.85,0.25,N/A
N/A,EV_027_INC-D1,10.58052/IEWDR023X,Sediment, 2024-02-16,18.91,-9999,15.43,-9999,3.48,0.23,N/A
N/A,EV_027_INC-D1,10.58052/IEWDR023X,Sediment, 2024-02-20,18.43,-9999,15.43,-9999,3,0.19,N/A
N/A,EV_027_INC-D1,10.58052/IEWDR023X,Sediment, 2024-02-23,18.08,-9999,15.43,-9999,2.65,0.17,N/A
N/A,EV_027_INC-D1,10.58052/IEWDR023X,Sediment, 2024-02-27,17.58,-9999,15.43,-9999,2.15,0.14,N/A
N/A,EV_027_INC-D2,10.58052/IEWDR023X,Sediment, 2024-02-08,20.04,-9999,15.46,-9999,4.58,0.3,N/A
N/A,EV_027_INC-D2,10.58052/IEWDR023X,Sediment, 2024-02-09,19.77,-9999,15.46,-9999,4.31,0.28,N/A
N/A,EV_027_INC-D2,10.58052/IEWDR023X,Sediment, 2024-02-13,19.27,-9999,15.46,-9999,3.81,0.25,N/A
N/A,EV_027_INC-D2,10.58052/IEWDR023X,Sediment, 2024-02-16,18.88,-9999,15.46,-9999,3.42,0.22,N/A
N/A,EV_027_INC-D2,10.58052/IEWDR023X,Sediment, 2024-02-20,18.41,-9999,15.46,-9999,2.95,0.19,N/A
N/A,EV_027_INC-D2,10.58052/IEWDR023X,Sediment, 2024-02-23,18.08,-9999,15.46,-9999,2.62,0.17,N/A
N/A,EV_027_INC-D2,10.58052/IEWDR023X,Sediment, 2024-02-27,17.53,-9999,15.46,-9999,2.07,0.13,N/A
N/A,EV_027_INC-D3,10.58052/IEWDR023X,Sediment, 2024-02-08,19.94,-9999,15.38,-9999,4.56,0.3,N/A
N/A,EV_027_INC-D3,10.58052/IEWDR023X,Sediment, 2024-02-09,19.76,-9999,15.38,-9999,4.38,0.28,N/A
N/A,EV_027_INC-D3,10.58052/IEWDR023X,Sediment, 2024-02-13,19.35,-9999,15.38,-9999,3.97,0.26,N/A
N/A,EV_027_INC-D3,10.58052/IEWDR023X,Sediment, 2024-02-16,19,-9999,15.38,-9999,3.62,0.24,N/A
N/A,EV_027_INC-D3,10.58052/IEWDR023X,Sediment, 2024-02-20,18.65,-9999,15.38,-9999,3.27,0.21,N/A
N/A,EV_027_INC-D3,10.58052/IEWDR023X,Sediment, 2024-02-23,18.39,-9999,15.38,-9999,3.01,0.2,N/A
N/A,EV_027_INC-D3,10.58052/IEWDR023X,Sediment, 2024-02-27,17.93,-9999,15.38,-9999,2.55,0.17,N/A
N/A,EV_027_INC-D4,10.58052/IEWDR023X,Sediment, 2024-02-08,19.98,-9999,15.41,-9999,4.57,0.3,N/A
N/A,EV_027_INC-D4,10.58052/IEWDR023X,Sediment, 2024-02-09,19.8,-9999,15.41,-9999,4.39,0.28,N/A
N/A,EV_027_INC-D4,10.58052/IEWDR023X,Sediment, 2024-02-13,19.24,-9999,15.41,-9999,3.83,0.25,N/A
N/A,EV_027_INC-D4,10.58052/IEWDR023X,Sediment, 2024-02-16,18.85,-9999,15.41,-9999,3.44,0.22,N/A
N/A,EV_027_INC-D4,10.58052/IEWDR023X,Sediment, 2024-02-20,18.21,-9999,15.41,-9999,2.8,0.18,N/A
N/A,EV_027_INC-D4,10.58052/IEWDR023X,Sediment, 2024-02-23,17.86,-9999,15.41,-9999,2.45,0.16,N/A
N/A,EV_027_INC-D4,10.58052/IEWDR023X,Sediment, 2024-02-27,17.27,-9999,15.41,-9999,1.86,0.12,N/A
N/A,EV_027_INC-D5,10.58052/IEWDR023X,Sediment, 2024-02-08,19.93,-9999,15.37,-9999,4.56,0.3,N/A
N/A,EV_027_INC-D5,10.58052/IEWDR023X,Sediment, 2024-02-09,19.71,-9999,15.37,-9999,4.34,0.28,N/A
N/A,EV_027_INC-D5,10.58052/IEWDR023X,Sediment, 2024-02-13,19.22,-9999,15.37,-9999,3.85,0.25,N/A
N/A,EV_027_INC-D5,10.58052/IEWDR023X,Sediment, 2024-02-16,18.81,-9999,15.37,-9999,3.44,0.22,N/A
N/A,EV_027_INC-D5,10.58052/IEWDR023X,Sediment, 2024-02-20,18.42,-9999,15.37,-9999,3.05,0.2,N/A
N/A,EV_027_INC-D5,10.58052/IEWDR023X,Sediment, 2024-02-23,18.06,-9999,15.37,-9999,2.69,0.18,N/A
N/A,EV_027_INC-D5,10.58052/IEWDR023X,Sediment, 2024-02-27,17.49,-9999,15.37,-9999,2.12,0.14,N/A
N/A,EV_027_INC-W1,10.58052/IEWDR023X,Sediment, 2024-02-08,20.05,24.02,15.46,3.97,8.56,0.55,N/A
N/A,EV_027_INC-W1,10.58052/IEWDR023X,Sediment, 2024-02-09,23.88,24.02,15.46,0.14,8.56,0.55,N/A
N/A,EV_027_INC-W1,10.58052/IEWDR023X,Sediment, 2024-02-13,23.59,24.02,15.46,0.43,8.56,0.55,N/A
N/A,EV_027_INC-W1,10.58052/IEWDR023X,Sediment, 2024-02-16,23.64,24.02,15.46,0.38,8.56,0.55,N/A
N/A,EV_027_INC-W1,10.58052/IEWDR023X,Sediment, 2024-02-20,23.51,24.02,15.46,0.51,8.56,0.55,N/A
N/A,EV_027_INC-W1,10.58052/IEWDR023X,Sediment, 2024-02-23,23.69,24.02,15.46,0.33,8.56,0.55,N/A
N/A,EV_027_INC-W1,10.58052/IEWDR023X,Sediment, 2024-02-27,23.37,24.02,15.46,0.65,8.56,0.55,N/A
N/A,EV_027_INC-W2,10.58052/IEWDR023X,Sediment, 2024-02-08,20.03,24.02,15.45,3.99,8.57,0.55,N/A
N/A,EV_027_INC-W2,10.58052/IEWDR023X,Sediment, 2024-02-09,23.89,24.02,15.45,0.13,8.57,0.55,N/A
N/A,EV_027_INC-W2,10.58052/IEWDR023X,Sediment, 2024-02-13,23.48,24.02,15.45,0.54,8.57,0.55,N/A
N/A,EV_027_INC-W2,10.58052/IEWDR023X,Sediment, 2024-02-16,23.62,24.02,15.45,0.4,8.57,0.55,N/A
N/A,EV_027_INC-W2,10.58052/IEWDR023X,Sediment, 2024-02-20,23.32,24.01,15.45,0.69,8.56,0.55,N/A
N/A,EV_027_INC-W2,10.58052/IEWDR023X,Sediment, 2024-02-23,23.56,24.02,15.45,0.46,8.57,0.55,N/A
N/A,EV_027_INC-W2,10.58052/IEWDR023X,Sediment, 2024-02-27,23.28,24.02,15.45,0.74,8.57,0.55,N/A
N/A,EV_027_INC-W3,10.58052/IEWDR023X,Sediment, 2024-02-08,20.1,24.1,15.5,4,8.6,0.55,N/A
N/A,EV_027_INC-W3,10.58052/IEWDR023X,Sediment, 2024-02-09,23.96,24.1,15.5,0.14,8.6,0.55,N/A
N/A,EV_027_INC-W3,10.58052/IEWDR023X,Sediment, 2024-02-13,23.67,24.1,15.5,0.43,8.6,0.55,N/A
N/A,EV_027_INC-W3,10.58052/IEWDR023X,Sediment, 2024-02-16,23.7,24.1,15.5,0.4,8.6,0.55,N/A
N/A,EV_027_INC-W3,10.58052/IEWDR023X,Sediment, 2024-02-20,23.52,24.1,15.5,0.58,8.6,0.55,N/A
N/A,EV_027_INC-W3,10.58052/IEWDR023X,Sediment, 2024-02-23,23.63,24.1,15.5,0.47,8.6,0.55,N/A
N/A,EV_027_INC-W3,10.58052/IEWDR023X,Sediment, 2024-02-27,23.41,24.1,15.5,0.69,8.6,0.55,N/A
N/A,EV_027_INC-W4,10.58052/IEWDR023X,Sediment, 2024-02-08,19.9,23.93,15.35,4.03,8.58,0.56,N/A
N/A,EV_027_INC-W4,10.58052/IEWDR023X,Sediment, 2024-02-09,23.79,23.93,15.35,0.14,8.58,0.56,N/A
N/A,EV_027_INC-W4,10.58052/IEWDR023X,Sediment, 2024-02-13,23.41,23.93,15.35,0.52,8.58,0.56,N/A
N/A,EV_027_INC-W4,10.58052/IEWDR023X,Sediment, 2024-02-16,23.53,23.93,15.35,0.4,8.58,0.56,N/A
N/A,EV_027_INC-W4,10.58052/IEWDR023X,Sediment, 2024-02-20,23.26,23.92,15.35,0.66,8.57,0.56,N/A
N/A,EV_027_INC-W4,10.58052/IEWDR023X,Sediment, 2024-02-23,23.49,23.93,15.35,0.44,8.58,0.56,N/A
N/A,EV_027_INC-W4,10.58052/IEWDR023X,Sediment, 2024-02-27,23.32,23.93,15.35,0.61,8.58,0.56,N/A
N/A,EV_027_INC-W5,10.58052/IEWDR023X,Sediment, 2024-02-08,20.01,24.01,15.43,4,8.58,0.56,N/A
N/A,EV_027_INC-W5,10.58052/IEWDR023X,Sediment, 2024-02-09,23.86,24.01,15.43,0.15,8.58,0.56,N/A
N/A,EV_027_INC-W5,10.58052/IEWDR023X,Sediment, 2024-02-13,23.53,24.01,15.43,0.48,8.58,0.56,N/A
N/A,EV_027_INC-W5,10.58052/IEWDR023X,Sediment, 2024-02-16,23.53,24.01,15.43,0.48,8.58,0.56,N/A
N/A,EV_027_INC-W5,10.58052/IEWDR023X,Sediment, 2024-02-20,23.2,24.01,15.43,0.81,8.58,0.56,N/A
N/A,EV_027_INC-W5,10.58052/IEWDR023X,Sediment, 2024-02-23,23.5,24.01,15.43,0.51,8.58,0.56,N/A
N/A,EV_027_INC-W5,10.58052/IEWDR023X,Sediment, 2024-02-27,23.28,24.01,15.43,0.73,8.58,0.56,N/A
N/A,EV_028_INC-D1,10.58052/IEWDR023Y,Sediment, 2024-02-08,19.92,-9999,11.28,-9999,8.64,0.77,N/A
N/A,EV_028_INC-D1,10.58052/IEWDR023Y,Sediment, 2024-02-09,19.55,-9999,11.28,-9999,8.27,0.73,N/A
N/A,EV_028_INC-D1,10.58052/IEWDR023Y,Sediment, 2024-02-13,18.59,-9999,11.28,-9999,7.31,0.65,N/A
N/A,EV_028_INC-D1,10.58052/IEWDR023Y,Sediment, 2024-02-16,17.59,-9999,11.28,-9999,6.31,0.56,N/A
N/A,EV_028_INC-D1,10.58052/IEWDR023Y,Sediment, 2024-02-20,16.48,-9999,11.28,-9999,5.2,0.46,N/A
N/A,EV_028_INC-D1,10.58052/IEWDR023Y,Sediment, 2024-02-23,16.09,-9999,11.28,-9999,4.81,0.43,N/A
N/A,EV_028_INC-D1,10.58052/IEWDR023Y,Sediment, 2024-02-27,15.62,-9999,11.28,-9999,4.34,0.39,N/A
N/A,EV_028_INC-D2,10.58052/IEWDR023Y,Sediment, 2024-02-08,20.07,-9999,11.36,-9999,8.71,0.77,N/A
N/A,EV_028_INC-D2,10.58052/IEWDR023Y,Sediment, 2024-02-09,19.84,-9999,11.36,-9999,8.48,0.75,N/A
N/A,EV_028_INC-D2,10.58052/IEWDR023Y,Sediment, 2024-02-13,18.99,-9999,11.36,-9999,7.63,0.67,N/A
N/A,EV_028_INC-D2,10.58052/IEWDR023Y,Sediment, 2024-02-16,18.29,-9999,11.36,-9999,6.93,0.61,N/A
N/A,EV_028_INC-D2,10.58052/IEWDR023Y,Sediment, 2024-02-20,17.54,-9999,11.36,-9999,6.18,0.54,N/A
N/A,EV_028_INC-D2,10.58052/IEWDR023Y,Sediment, 2024-02-23,17.14,-9999,11.36,-9999,5.78,0.51,N/A
N/A,EV_028_INC-D2,10.58052/IEWDR023Y,Sediment, 2024-02-27,16.57,-9999,11.36,-9999,5.21,0.46,N/A
N/A,EV_028_INC-D3,10.58052/IEWDR023Y,Sediment, 2024-02-08,20.05,-9999,11.35,-9999,8.7,0.77,N/A
N/A,EV_028_INC-D3,10.58052/IEWDR023Y,Sediment, 2024-02-09,19.85,-9999,11.35,-9999,8.5,0.75,N/A
N/A,EV_028_INC-D3,10.58052/IEWDR023Y,Sediment, 2024-02-13,18.77,-9999,11.35,-9999,7.42,0.65,N/A
N/A,EV_028_INC-D3,10.58052/IEWDR023Y,Sediment, 2024-02-16,17.83,-9999,11.35,-9999,6.48,0.57,N/A
N/A,EV_028_INC-D3,10.58052/IEWDR023Y,Sediment, 2024-02-20,16.9,-9999,11.35,-9999,5.55,0.49,N/A
N/A,EV_028_INC-D3,10.58052/IEWDR023Y,Sediment, 2024-02-23,16.49,-9999,11.35,-9999,5.14,0.45,N/A
N/A,EV_028_INC-D3,10.58052/IEWDR023Y,Sediment, 2024-02-27,15.86,-9999,11.35,-9999,4.51,0.4,N/A
N/A,EV_028_INC-D4,10.58052/IEWDR023Y,Sediment, 2024-02-08,20.07,-9999,11.36,-9999,8.71,0.77,N/A
N/A,EV_028_INC-D4,10.58052/IEWDR023Y,Sediment, 2024-02-09,19.86,-9999,11.36,-9999,8.5,0.75,N/A
N/A,EV_028_INC-D4,10.58052/IEWDR023Y,Sediment, 2024-02-13,19.08,-9999,11.36,-9999,7.72,0.68,N/A
N/A,EV_028_INC-D4,10.58052/IEWDR023Y,Sediment, 2024-02-16,18.36,-9999,11.36,-9999,7,0.62,N/A
N/A,EV_028_INC-D4,10.58052/IEWDR023Y,Sediment, 2024-02-20,17.32,-9999,11.36,-9999,5.96,0.52,N/A
N/A,EV_028_INC-D4,10.58052/IEWDR023Y,Sediment, 2024-02-23,16.9,-9999,11.36,-9999,5.54,0.49,N/A
N/A,EV_028_INC-D4,10.58052/IEWDR023Y,Sediment, 2024-02-27,16.34,-9999,11.36,-9999,4.98,0.44,N/A
N/A,EV_028_INC-D5,10.58052/IEWDR023Y,Sediment, 2024-02-08,20.03,-9999,11.34,-9999,8.69,0.77,N/A
N/A,EV_028_INC-D5,10.58052/IEWDR023Y,Sediment, 2024-02-09,19.78,-9999,11.34,-9999,8.44,0.74,N/A
N/A,EV_028_INC-D5,10.58052/IEWDR023Y,Sediment, 2024-02-13,18.7,-9999,11.34,-9999,7.36,0.65,N/A
N/A,EV_028_INC-D5,10.58052/IEWDR023Y,Sediment, 2024-02-16,18.03,-9999,11.34,-9999,6.69,0.59,N/A
N/A,EV_028_INC-D5,10.58052/IEWDR023Y,Sediment, 2024-02-20,17.11,-9999,11.34,-9999,5.77,0.51,N/A
N/A,EV_028_INC-D5,10.58052/IEWDR023Y,Sediment, 2024-02-23,16.69,-9999,11.34,-9999,5.35,0.47,N/A
N/A,EV_028_INC-D5,10.58052/IEWDR023Y,Sediment, 2024-02-27,16.13,-9999,11.34,-9999,4.79,0.42,N/A
N/A,EV_028_INC-W1,10.58052/IEWDR023Y,Sediment, 2024-02-08,20.04,23,11.34,2.96,11.66,1.03,N/A
N/A,EV_028_INC-W1,10.58052/IEWDR023Y,Sediment, 2024-02-09,22.72,23,11.34,0.28,11.66,1.03,N/A
N/A,EV_028_INC-W1,10.58052/IEWDR023Y,Sediment, 2024-02-13,21.54,23,11.34,1.46,11.66,1.03,N/A
N/A,EV_028_INC-W1,10.58052/IEWDR023Y,Sediment, 2024-02-16,21.74,22.99,11.34,1.25,11.65,1.03,N/A
N/A,EV_028_INC-W1,10.58052/IEWDR023Y,Sediment, 2024-02-20,21.83,23,11.34,1.17,11.66,1.03,N/A
N/A,EV_028_INC-W1,10.58052/IEWDR023Y,Sediment, 2024-02-23,21.99,22.99,11.34,1,11.65,1.03,N/A
N/A,EV_028_INC-W1,10.58052/IEWDR023Y,Sediment, 2024-02-27,21.8,23,11.34,1.2,11.66,1.03,N/A
N/A,EV_028_INC-W2,10.58052/IEWDR023Y,Sediment, 2024-02-08,20.07,23.04,11.36,2.97,11.68,1.03,N/A
N/A,EV_028_INC-W2,10.58052/IEWDR023Y,Sediment, 2024-02-09,22.79,23.04,11.36,0.25,11.68,1.03,N/A
N/A,EV_028_INC-W2,10.58052/IEWDR023Y,Sediment, 2024-02-13,22.46,23.04,11.36,0.58,11.68,1.03,N/A
N/A,EV_028_INC-W2,10.58052/IEWDR023Y,Sediment, 2024-02-16,22.55,23.04,11.36,0.49,11.68,1.03,N/A
N/A,EV_028_INC-W2,10.58052/IEWDR023Y,Sediment, 2024-02-20,22.43,23.04,11.36,0.61,11.68,1.03,N/A
N/A,EV_028_INC-W2,10.58052/IEWDR023Y,Sediment, 2024-02-23,22.61,23.03,11.36,0.42,11.67,1.03,N/A
N/A,EV_028_INC-W2,10.58052/IEWDR023Y,Sediment, 2024-02-27,22.42,23.04,11.36,0.62,11.68,1.03,N/A
N/A,EV_028_INC-W3,10.58052/IEWDR023Y,Sediment, 2024-02-08,19.98,22.95,11.31,2.97,11.64,1.03,N/A
N/A,EV_028_INC-W3,10.58052/IEWDR023Y,Sediment, 2024-02-09,22.73,22.95,11.31,0.22,11.64,1.03,N/A
N/A,EV_028_INC-W3,10.58052/IEWDR023Y,Sediment, 2024-02-13,22.02,22.95,11.31,0.93,11.64,1.03,N/A
N/A,EV_028_INC-W3,10.58052/IEWDR023Y,Sediment, 2024-02-16,22.3,22.95,11.31,0.65,11.64,1.03,N/A
N/A,EV_028_INC-W3,10.58052/IEWDR023Y,Sediment, 2024-02-20,21.99,22.95,11.31,0.96,11.64,1.03,N/A
N/A,EV_028_INC-W3,10.58052/IEWDR023Y,Sediment, 2024-02-23,22.35,22.96,11.31,0.61,11.65,1.03,N/A
N/A,EV_028_INC-W3,10.58052/IEWDR023Y,Sediment, 2024-02-27,22.34,22.95,11.31,0.61,11.64,1.03,N/A
N/A,EV_028_INC-W4,10.58052/IEWDR023Y,Sediment, 2024-02-08,19.92,22.87,11.28,2.95,11.59,1.03,N/A
N/A,EV_028_INC-W4,10.58052/IEWDR023Y,Sediment, 2024-02-09,22.71,22.87,11.28,0.16,11.59,1.03,N/A
N/A,EV_028_INC-W4,10.58052/IEWDR023Y,Sediment, 2024-02-13,22.28,22.87,11.28,0.59,11.59,1.03,N/A
N/A,EV_028_INC-W4,10.58052/IEWDR023Y,Sediment, 2024-02-16,22.42,22.87,11.28,0.45,11.59,1.03,N/A
N/A,EV_028_INC-W4,10.58052/IEWDR023Y,Sediment, 2024-02-20,22.23,22.87,11.28,0.64,11.59,1.03,N/A
N/A,EV_028_INC-W4,10.58052/IEWDR023Y,Sediment, 2024-02-23,22.41,22.88,11.28,0.47,11.6,1.03,N/A
N/A,EV_028_INC-W4,10.58052/IEWDR023Y,Sediment, 2024-02-27,22.24,22.87,11.28,0.63,11.59,1.03,N/A
N/A,EV_028_INC-W5,10.58052/IEWDR023Y,Sediment, 2024-02-08,19.97,22.94,11.3,2.97,11.64,1.03,N/A
N/A,EV_028_INC-W5,10.58052/IEWDR023Y,Sediment, 2024-02-09,22.77,22.94,11.3,0.17,11.64,1.03,N/A
N/A,EV_028_INC-W5,10.58052/IEWDR023Y,Sediment, 2024-02-13,22.25,22.94,11.3,0.69,11.64,1.03,N/A
N/A,EV_028_INC-W5,10.58052/IEWDR023Y,Sediment, 2024-02-16,22.15,22.94,11.3,0.79,11.64,1.03,N/A
N/A,EV_028_INC-W5,10.58052/IEWDR023Y,Sediment, 2024-02-20,22.19,22.94,11.3,0.75,11.64,1.03,N/A
N/A,EV_028_INC-W5,10.58052/IEWDR023Y,Sediment, 2024-02-23,21.93,22.94,11.3,1.01,11.64,1.03,N/A
N/A,EV_028_INC-W5,10.58052/IEWDR023Y,Sediment, 2024-02-27,21.69,22.94,11.3,1.25,11.64,1.03,N/A
N/A,EV_029_INC-D1,10.58052/IEWDR023Z,Sediment, 2024-02-15,20.03,-9999,16.55,-9999,3.48,0.21,N/A
N/A,EV_029_INC-D1,10.58052/IEWDR023Z,Sediment, 2024-02-16,19.81,-9999,16.55,-9999,3.26,0.2,N/A
N/A,EV_029_INC-D1,10.58052/IEWDR023Z,Sediment, 2024-02-20,19.3,-9999,16.55,-9999,2.75,0.17,N/A
N/A,EV_029_INC-D1,10.58052/IEWDR023Z,Sediment, 2024-02-23,18.95,-9999,16.55,-9999,2.4,0.14,N/A
N/A,EV_029_INC-D1,10.58052/IEWDR023Z,Sediment, 2024-02-27,18.37,-9999,16.55,-9999,1.82,0.11,N/A
N/A,EV_029_INC-D1,10.58052/IEWDR023Z,Sediment, 2024-02-29,18.05,-9999,16.55,-9999,1.5,0.09,N/A
N/A,EV_029_INC-D1,10.58052/IEWDR023Z,Sediment, 2024-03-05,17.06,-9999,16.55,-9999,0.51,0.03,N/A
N/A,EV_029_INC-D2,10.58052/IEWDR023Z,Sediment, 2024-02-15,19.97,-9999,16.5,-9999,3.47,0.21,N/A
N/A,EV_029_INC-D2,10.58052/IEWDR023Z,Sediment, 2024-02-16,19.76,-9999,16.5,-9999,3.26,0.2,N/A
N/A,EV_029_INC-D2,10.58052/IEWDR023Z,Sediment, 2024-02-20,19.32,-9999,16.5,-9999,2.82,0.17,N/A
N/A,EV_029_INC-D2,10.58052/IEWDR023Z,Sediment, 2024-02-23,19,-9999,16.5,-9999,2.5,0.15,N/A
N/A,EV_029_INC-D2,10.58052/IEWDR023Z,Sediment, 2024-02-27,18.44,-9999,16.5,-9999,1.94,0.12,N/A
N/A,EV_029_INC-D2,10.58052/IEWDR023Z,Sediment, 2024-02-29,18.17,-9999,16.5,-9999,1.67,0.1,N/A
N/A,EV_029_INC-D2,10.58052/IEWDR023Z,Sediment, 2024-03-05,17.54,-9999,16.5,-9999,1.04,0.06,N/A
N/A,EV_029_INC-D3,10.58052/IEWDR023Z,Sediment, 2024-02-15,19.95,-9999,16.49,-9999,3.46,0.21,N/A
N/A,EV_029_INC-D3,10.58052/IEWDR023Z,Sediment, 2024-02-16,19.76,-9999,16.49,-9999,3.27,0.2,N/A
N/A,EV_029_INC-D3,10.58052/IEWDR023Z,Sediment, 2024-02-20,19.35,-9999,16.49,-9999,2.86,0.17,N/A
N/A,EV_029_INC-D3,10.58052/IEWDR023Z,Sediment, 2024-02-23,19.04,-9999,16.49,-9999,2.55,0.15,N/A
N/A,EV_029_INC-D3,10.58052/IEWDR023Z,Sediment, 2024-02-27,18.59,-9999,16.49,-9999,2.1,0.13,N/A
N/A,EV_029_INC-D3,10.58052/IEWDR023Z,Sediment, 2024-02-29,18.29,-9999,16.49,-9999,1.8,0.11,N/A
N/A,EV_029_INC-D3,10.58052/IEWDR023Z,Sediment, 2024-03-05,17.54,-9999,16.49,-9999,1.05,0.06,N/A
N/A,EV_029_INC-D4,10.58052/IEWDR023Z,Sediment, 2024-02-15,19.98,-9999,16.51,-9999,3.47,0.21,N/A
N/A,EV_029_INC-D4,10.58052/IEWDR023Z,Sediment, 2024-02-16,19.83,-9999,16.51,-9999,3.32,0.2,N/A
N/A,EV_029_INC-D4,10.58052/IEWDR023Z,Sediment, 2024-02-20,19.23,-9999,16.51,-9999,2.72,0.16,N/A
N/A,EV_029_INC-D4,10.58052/IEWDR023Z,Sediment, 2024-02-23,18.84,-9999,16.51,-9999,2.33,0.14,N/A
N/A,EV_029_INC-D4,10.58052/IEWDR023Z,Sediment, 2024-02-27,18.25,-9999,16.51,-9999,1.74,0.11,N/A
N/A,EV_029_INC-D4,10.58052/IEWDR023Z,Sediment, 2024-02-29,17.94,-9999,16.51,-9999,1.43,0.09,N/A
N/A,EV_029_INC-D4,10.58052/IEWDR023Z,Sediment, 2024-03-05,17.17,-9999,16.51,-9999,0.66,0.04,N/A
N/A,EV_029_INC-D5,10.58052/IEWDR023Z,Sediment, 2024-02-15,20.08,-9999,16.6,-9999,3.48,0.21,N/A
N/A,EV_029_INC-D5,10.58052/IEWDR023Z,Sediment, 2024-02-16,19.88,-9999,16.6,-9999,3.28,0.2,N/A
N/A,EV_029_INC-D5,10.58052/IEWDR023Z,Sediment, 2024-02-20,19.5,-9999,16.6,-9999,2.9,0.18,N/A
N/A,EV_029_INC-D5,10.58052/IEWDR023Z,Sediment, 2024-02-23,19.18,-9999,16.6,-9999,2.58,0.16,N/A
N/A,EV_029_INC-D5,10.58052/IEWDR023Z,Sediment, 2024-02-27,18.76,-9999,16.6,-9999,2.16,0.13,N/A
N/A,EV_029_INC-D5,10.58052/IEWDR023Z,Sediment, 2024-02-29,18.49,-9999,16.6,-9999,1.89,0.11,N/A
N/A,EV_029_INC-D5,10.58052/IEWDR023Z,Sediment, 2024-03-05,17.78,-9999,16.6,-9999,1.18,0.07,N/A
N/A,EV_029_INC-W1,10.58052/IEWDR023Z,Sediment, 2024-02-15,20.01,25.86,16.54,5.85,9.32,0.56,N/A
N/A,EV_029_INC-W1,10.58052/IEWDR023Z,Sediment, 2024-02-16,25.66,25.86,16.54,0.2,9.32,0.56,N/A
N/A,EV_029_INC-W1,10.58052/IEWDR023Z,Sediment, 2024-02-20,25.34,25.86,16.54,0.52,9.32,0.56,N/A
N/A,EV_029_INC-W1,10.58052/IEWDR023Z,Sediment, 2024-02-23,25.53,25.86,16.54,0.33,9.32,0.56,N/A
N/A,EV_029_INC-W1,10.58052/IEWDR023Z,Sediment, 2024-02-27,25.37,25.86,16.54,0.49,9.32,0.56,N/A
N/A,EV_029_INC-W1,10.58052/IEWDR023Z,Sediment, 2024-02-29,25.56,25.86,16.54,0.3,9.32,0.56,N/A
N/A,EV_029_INC-W1,10.58052/IEWDR023Z,Sediment, 2024-03-05,25.01,25.86,16.54,0.85,9.32,0.56,N/A
N/A,EV_029_INC-W2,10.58052/IEWDR023Z,Sediment, 2024-02-15,19.91,25.81,16.45,5.9,9.36,0.57,N/A
N/A,EV_029_INC-W2,10.58052/IEWDR023Z,Sediment, 2024-02-16,25.67,25.81,16.45,0.14,9.36,0.57,N/A
N/A,EV_029_INC-W2,10.58052/IEWDR023Z,Sediment, 2024-02-20,25.35,25.81,16.45,0.46,9.36,0.57,N/A
N/A,EV_029_INC-W2,10.58052/IEWDR023Z,Sediment, 2024-02-23,25.35,25.81,16.45,0.46,9.36,0.57,N/A
N/A,EV_029_INC-W2,10.58052/IEWDR023Z,Sediment, 2024-02-27,25.21,25.81,16.45,0.6,9.36,0.57,N/A
N/A,EV_029_INC-W2,10.58052/IEWDR023Z,Sediment, 2024-02-29,25.48,25.81,16.45,0.33,9.36,0.57,N/A
N/A,EV_029_INC-W2,10.58052/IEWDR023Z,Sediment, 2024-03-05,24.95,25.81,16.45,0.86,9.36,0.57,N/A
N/A,EV_029_INC-W3,10.58052/IEWDR023Z,Sediment, 2024-02-15,19.97,25.89,16.5,5.92,9.39,0.57,N/A
N/A,EV_029_INC-W3,10.58052/IEWDR023Z,Sediment, 2024-02-16,25.75,25.89,16.5,0.14,9.39,0.57,N/A
N/A,EV_029_INC-W3,10.58052/IEWDR023Z,Sediment, 2024-02-20,25.46,25.89,16.5,0.43,9.39,0.57,N/A
N/A,EV_029_INC-W3,10.58052/IEWDR023Z,Sediment, 2024-02-23,25.57,25.89,16.5,0.32,9.39,0.57,N/A
N/A,EV_029_INC-W3,10.58052/IEWDR023Z,Sediment, 2024-02-27,25.42,25.89,16.5,0.47,9.39,0.57,N/A
N/A,EV_029_INC-W3,10.58052/IEWDR023Z,Sediment, 2024-02-29,25.61,25.89,16.5,0.28,9.39,0.57,N/A
N/A,EV_029_INC-W3,10.58052/IEWDR023Z,Sediment, 2024-03-05,25.22,25.89,16.5,0.67,9.39,0.57,N/A
N/A,EV_029_INC-W4,10.58052/IEWDR023Z,Sediment, 2024-02-15,19.95,25.84,16.49,5.89,9.35,0.57,N/A
N/A,EV_029_INC-W4,10.58052/IEWDR023Z,Sediment, 2024-02-16,25.7,25.84,16.49,0.14,9.35,0.57,N/A
N/A,EV_029_INC-W4,10.58052/IEWDR023Z,Sediment, 2024-02-20,25.35,25.84,16.49,0.49,9.35,0.57,N/A
N/A,EV_029_INC-W4,10.58052/IEWDR023Z,Sediment, 2024-02-23,25.49,25.84,16.49,0.35,9.35,0.57,N/A
N/A,EV_029_INC-W4,10.58052/IEWDR023Z,Sediment, 2024-02-27,25.36,25.84,16.49,0.48,9.35,0.57,N/A
N/A,EV_029_INC-W4,10.58052/IEWDR023Z,Sediment, 2024-02-29,25.58,25.84,16.49,0.26,9.35,0.57,N/A
N/A,EV_029_INC-W4,10.58052/IEWDR023Z,Sediment, 2024-03-05,25.17,25.84,16.49,0.67,9.35,0.57,N/A
N/A,EV_029_INC-W5,10.58052/IEWDR023Z,Sediment, 2024-02-15,19.95,25.86,16.49,5.91,9.37,0.57,N/A
N/A,EV_029_INC-W5,10.58052/IEWDR023Z,Sediment, 2024-02-16,25.71,25.86,16.49,0.15,9.37,0.57,N/A
N/A,EV_029_INC-W5,10.58052/IEWDR023Z,Sediment, 2024-02-20,25.37,25.86,16.49,0.49,9.37,0.57,N/A
N/A,EV_029_INC-W5,10.58052/IEWDR023Z,Sediment, 2024-02-23,25.49,25.86,16.49,0.37,9.37,0.57,N/A
N/A,EV_029_INC-W5,10.58052/IEWDR023Z,Sediment, 2024-02-27,25.27,25.86,16.49,0.59,9.37,0.57,N/A
N/A,EV_029_INC-W5,10.58052/IEWDR023Z,Sediment, 2024-02-29,25.6,25.86,16.49,0.26,9.37,0.57,N/A
N/A,EV_029_INC-W5,10.58052/IEWDR023Z,Sediment, 2024-03-05,25.15,25.86,16.49,0.71,9.37,0.57,N/A
N/A,EV_030_INC-D1,10.58052/IEWDR0240,Sediment, 2024-02-22,19.95,-9999,6.83,-9999,13.12,1.92,N/A
N/A,EV_030_INC-D1,10.58052/IEWDR0240,Sediment, 2024-02-23,19.56,-9999,6.83,-9999,12.73,1.86,N/A
N/A,EV_030_INC-D1,10.58052/IEWDR0240,Sediment, 2024-02-27,18.02,-9999,6.83,-9999,11.19,1.64,N/A
N/A,EV_030_INC-D1,10.58052/IEWDR0240,Sediment, 2024-02-29,17.28,-9999,6.83,-9999,10.45,1.53,N/A
N/A,EV_030_INC-D1,10.58052/IEWDR0240,Sediment, 2024-03-05,14.77,-9999,6.83,-9999,7.94,1.16,N/A
N/A,EV_030_INC-D1,10.58052/IEWDR0240,Sediment, 2024-03-08,14.16,-9999,6.83,-9999,7.33,1.07,N/A
N/A,EV_030_INC-D1,10.58052/IEWDR0240,Sediment, 2024-03-12,13.49,-9999,6.83,-9999,6.66,0.97,N/A
N/A,EV_030_INC-D2,10.58052/IEWDR0240,Sediment, 2024-02-22,19.98,-9999,6.84,-9999,13.14,1.92,N/A
N/A,EV_030_INC-D2,10.58052/IEWDR0240,Sediment, 2024-02-23,19.7,-9999,6.84,-9999,12.86,1.88,N/A
N/A,EV_030_INC-D2,10.58052/IEWDR0240,Sediment, 2024-02-27,18.27,-9999,6.84,-9999,11.43,1.67,N/A
N/A,EV_030_INC-D2,10.58052/IEWDR0240,Sediment, 2024-02-29,17.55,-9999,6.84,-9999,10.71,1.56,N/A
N/A,EV_030_INC-D2,10.58052/IEWDR0240,Sediment, 2024-03-05,15.82,-9999,6.84,-9999,8.98,1.31,N/A
N/A,EV_030_INC-D2,10.58052/IEWDR0240,Sediment, 2024-03-08,15.21,-9999,6.84,-9999,8.37,1.22,N/A
N/A,EV_030_INC-D2,10.58052/IEWDR0240,Sediment, 2024-03-12,14.43,-9999,6.84,-9999,7.59,1.11,N/A
N/A,EV_030_INC-D3,10.58052/IEWDR0240,Sediment, 2024-02-22,20.05,-9999,6.87,-9999,13.18,1.92,N/A
N/A,EV_030_INC-D3,10.58052/IEWDR0240,Sediment, 2024-02-23,19.6,-9999,6.87,-9999,12.73,1.85,N/A
N/A,EV_030_INC-D3,10.58052/IEWDR0240,Sediment, 2024-02-27,18.53,-9999,6.87,-9999,11.66,1.7,N/A
N/A,EV_030_INC-D3,10.58052/IEWDR0240,Sediment, 2024-02-29,17.75,-9999,6.87,-9999,10.88,1.59,N/A
N/A,EV_030_INC-D3,10.58052/IEWDR0240,Sediment, 2024-03-05,16.12,-9999,6.87,-9999,9.25,1.35,N/A
N/A,EV_030_INC-D3,10.58052/IEWDR0240,Sediment, 2024-03-08,15.3,-9999,6.87,-9999,8.43,1.23,N/A
N/A,EV_030_INC-D3,10.58052/IEWDR0240,Sediment, 2024-03-12,13.87,-9999,6.87,-9999,7,1.02,N/A
N/A,EV_030_INC-D4,10.58052/IEWDR0240,Sediment, 2024-02-22,19.98,-9999,6.84,-9999,13.14,1.92,N/A
N/A,EV_030_INC-D4,10.58052/IEWDR0240,Sediment, 2024-02-23,19.58,-9999,6.84,-9999,12.74,1.86,N/A
N/A,EV_030_INC-D4,10.58052/IEWDR0240,Sediment, 2024-02-27,18.3,-9999,6.84,-9999,11.46,1.67,N/A
N/A,EV_030_INC-D4,10.58052/IEWDR0240,Sediment, 2024-02-29,17.61,-9999,6.84,-9999,10.77,1.57,N/A
N/A,EV_030_INC-D4,10.58052/IEWDR0240,Sediment, 2024-03-05,15.86,-9999,6.84,-9999,9.02,1.32,N/A
N/A,EV_030_INC-D4,10.58052/IEWDR0240,Sediment, 2024-03-08,15.04,-9999,6.84,-9999,8.2,1.2,N/A
N/A,EV_030_INC-D4,10.58052/IEWDR0240,Sediment, 2024-03-12,14.21,-9999,6.84,-9999,7.37,1.08,N/A
N/A,EV_030_INC-D5,10.58052/IEWDR0240,Sediment, 2024-02-22,19.97,-9999,6.84,-9999,13.13,1.92,N/A
N/A,EV_030_INC-D5,10.58052/IEWDR0240,Sediment, 2024-02-23,19.44,-9999,6.84,-9999,12.6,1.84,N/A
N/A,EV_030_INC-D5,10.58052/IEWDR0240,Sediment, 2024-02-27,17.2,-9999,6.84,-9999,10.36,1.51,N/A
N/A,EV_030_INC-D5,10.58052/IEWDR0240,Sediment, 2024-02-29,16.11,-9999,6.84,-9999,9.27,1.36,N/A
N/A,EV_030_INC-D5,10.58052/IEWDR0240,Sediment, 2024-03-05,13.99,-9999,6.84,-9999,7.15,1.05,N/A
N/A,EV_030_INC-D5,10.58052/IEWDR0240,Sediment, 2024-03-08,13.33,-9999,6.84,-9999,6.49,0.95,N/A
N/A,EV_030_INC-D5,10.58052/IEWDR0240,Sediment, 2024-03-12,12.6,-9999,6.84,-9999,5.76,0.84,N/A
N/A,EV_030_INC-W1,10.58052/IEWDR0240,Sediment, 2024-02-22,19.99,23.86,6.85,3.87,17.01,2.49,N/A
N/A,EV_030_INC-W1,10.58052/IEWDR0240,Sediment, 2024-02-23,23.63,23.86,6.85,0.23,17.01,2.49,N/A
N/A,EV_030_INC-W1,10.58052/IEWDR0240,Sediment, 2024-02-27,23.17,23.86,6.85,0.69,17.01,2.49,N/A
N/A,EV_030_INC-W1,10.58052/IEWDR0240,Sediment, 2024-02-29,23.5,23.85,6.85,0.35,17,2.48,N/A
N/A,EV_030_INC-W1,10.58052/IEWDR0240,Sediment, 2024-03-05,22.93,23.86,6.85,0.93,17.01,2.49,N/A
N/A,EV_030_INC-W1,10.58052/IEWDR0240,Sediment, 2024-03-08,23.38,23.86,6.85,0.48,17.01,2.49,N/A
N/A,EV_030_INC-W1,10.58052/IEWDR0240,Sediment, 2024-03-12,23.14,23.86,6.85,0.72,17.01,2.49,N/A
N/A,EV_030_INC-W2,10.58052/IEWDR0240,Sediment, 2024-02-22,20.1,24.06,6.88,3.96,17.18,2.5,N/A
N/A,EV_030_INC-W2,10.58052/IEWDR0240,Sediment, 2024-02-23,23.87,24.06,6.88,0.19,17.18,2.5,N/A
N/A,EV_030_INC-W2,10.58052/IEWDR0240,Sediment, 2024-02-27,23.24,24.06,6.88,0.82,17.18,2.5,N/A
N/A,EV_030_INC-W2,10.58052/IEWDR0240,Sediment, 2024-02-29,23.67,24.06,6.88,0.39,17.18,2.5,N/A
N/A,EV_030_INC-W2,10.58052/IEWDR0240,Sediment, 2024-03-05,23.11,24.06,6.88,0.95,17.18,2.5,N/A
N/A,EV_030_INC-W2,10.58052/IEWDR0240,Sediment, 2024-03-08,23.53,24.06,6.88,0.53,17.18,2.5,N/A
N/A,EV_030_INC-W2,10.58052/IEWDR0240,Sediment, 2024-03-12,23.25,24.06,6.88,0.81,17.18,2.5,N/A
N/A,EV_030_INC-W3,10.58052/IEWDR0240,Sediment, 2024-02-22,20.08,24,6.88,3.92,17.12,2.49,N/A
N/A,EV_030_INC-W3,10.58052/IEWDR0240,Sediment, 2024-02-23,23.77,24,6.88,0.23,17.12,2.49,N/A
N/A,EV_030_INC-W3,10.58052/IEWDR0240,Sediment, 2024-02-27,23.44,24,6.88,0.56,17.12,2.49,N/A
N/A,EV_030_INC-W3,10.58052/IEWDR0240,Sediment, 2024-02-29,23.68,24,6.88,0.32,17.12,2.49,N/A
N/A,EV_030_INC-W3,10.58052/IEWDR0240,Sediment, 2024-03-05,23.09,24,6.88,0.91,17.12,2.49,N/A
N/A,EV_030_INC-W3,10.58052/IEWDR0240,Sediment, 2024-03-08,23.51,24,6.88,0.49,17.12,2.49,N/A
N/A,EV_030_INC-W3,10.58052/IEWDR0240,Sediment, 2024-03-12,23.25,24,6.88,0.75,17.12,2.49,N/A
N/A,EV_030_INC-W4,10.58052/IEWDR0240,Sediment, 2024-02-22,19.94,23.84,6.83,3.9,17.01,2.49,N/A
N/A,EV_030_INC-W4,10.58052/IEWDR0240,Sediment, 2024-02-23,23.59,23.83,6.83,0.24,17,2.49,N/A
N/A,EV_030_INC-W4,10.58052/IEWDR0240,Sediment, 2024-02-27,23.1,23.84,6.83,0.74,17.01,2.49,N/A
N/A,EV_030_INC-W4,10.58052/IEWDR0240,Sediment, 2024-02-29,23.46,23.84,6.83,0.38,17.01,2.49,N/A
N/A,EV_030_INC-W4,10.58052/IEWDR0240,Sediment, 2024-03-05,22.96,23.84,6.83,0.88,17.01,2.49,N/A
N/A,EV_030_INC-W4,10.58052/IEWDR0240,Sediment, 2024-03-08,23.34,23.84,6.83,0.5,17.01,2.49,N/A
N/A,EV_030_INC-W4,10.58052/IEWDR0240,Sediment, 2024-03-12,22.97,23.84,6.83,0.87,17.01,2.49,N/A
N/A,EV_030_INC-W5,10.58052/IEWDR0240,Sediment, 2024-02-22,20.05,23.98,6.87,3.93,17.11,2.49,N/A
N/A,EV_030_INC-W5,10.58052/IEWDR0240,Sediment, 2024-02-23,23.74,23.98,6.87,0.24,17.11,2.49,N/A
N/A,EV_030_INC-W5,10.58052/IEWDR0240,Sediment, 2024-02-27,23.34,23.98,6.87,0.64,17.11,2.49,N/A
N/A,EV_030_INC-W5,10.58052/IEWDR0240,Sediment, 2024-02-29,23.68,23.98,6.87,0.3,17.11,2.49,N/A
N/A,EV_030_INC-W5,10.58052/IEWDR0240,Sediment, 2024-03-05,22.66,23.98,6.87,1.32,17.11,2.49,N/A
N/A,EV_030_INC-W5,10.58052/IEWDR0240,Sediment, 2024-03-08,23.46,23.98,6.87,0.52,17.11,2.49,N/A
N/A,EV_030_INC-W5,10.58052/IEWDR0240,Sediment, 2024-03-12,23.08,23.98,6.87,0.9,17.11,2.49,N/A
N/A,EV_031_INC-D1,10.58052/IEWDR0241,Sediment, 2024-02-15,19.97,-9999,9.33,-9999,10.64,1.14,N/A
N/A,EV_031_INC-D1,10.58052/IEWDR0241,Sediment, 2024-02-16,19.66,-9999,9.33,-9999,10.33,1.11,N/A
N/A,EV_031_INC-D1,10.58052/IEWDR0241,Sediment, 2024-02-20,18.74,-9999,9.33,-9999,9.41,1.01,N/A
N/A,EV_031_INC-D1,10.58052/IEWDR0241,Sediment, 2024-02-23,17.7,-9999,9.33,-9999,8.37,0.9,N/A
N/A,EV_031_INC-D1,10.58052/IEWDR0241,Sediment, 2024-02-27,16.94,-9999,9.33,-9999,7.61,0.82,N/A
N/A,EV_031_INC-D1,10.58052/IEWDR0241,Sediment, 2024-02-29,16.66,-9999,9.33,-9999,7.33,0.79,N/A
N/A,EV_031_INC-D1,10.58052/IEWDR0241,Sediment, 2024-03-05,16,-9999,9.33,-9999,6.67,0.71,N/A
N/A,EV_031_INC-D2,10.58052/IEWDR0241,Sediment, 2024-02-15,20.1,-9999,9.39,-9999,10.71,1.14,N/A
N/A,EV_031_INC-D2,10.58052/IEWDR0241,Sediment, 2024-02-16,19.84,-9999,9.39,-9999,10.45,1.11,N/A
N/A,EV_031_INC-D2,10.58052/IEWDR0241,Sediment, 2024-02-20,18.77,-9999,9.39,-9999,9.38,1,N/A
N/A,EV_031_INC-D2,10.58052/IEWDR0241,Sediment, 2024-02-23,18.03,-9999,9.39,-9999,8.64,0.92,N/A
N/A,EV_031_INC-D2,10.58052/IEWDR0241,Sediment, 2024-02-27,17.21,-9999,9.39,-9999,7.82,0.83,N/A
N/A,EV_031_INC-D2,10.58052/IEWDR0241,Sediment, 2024-02-29,16.86,-9999,9.39,-9999,7.47,0.8,N/A
N/A,EV_031_INC-D2,10.58052/IEWDR0241,Sediment, 2024-03-05,16.09,-9999,9.39,-9999,6.7,0.71,N/A
N/A,EV_031_INC-D3,10.58052/IEWDR0241,Sediment, 2024-02-15,20.1,-9999,9.39,-9999,10.71,1.14,N/A
N/A,EV_031_INC-D3,10.58052/IEWDR0241,Sediment, 2024-02-16,19.86,-9999,9.39,-9999,10.47,1.11,N/A
N/A,EV_031_INC-D3,10.58052/IEWDR0241,Sediment, 2024-02-20,18.95,-9999,9.39,-9999,9.56,1.02,N/A
N/A,EV_031_INC-D3,10.58052/IEWDR0241,Sediment, 2024-02-23,18.26,-9999,9.39,-9999,8.87,0.94,N/A
N/A,EV_031_INC-D3,10.58052/IEWDR0241,Sediment, 2024-02-27,17.28,-9999,9.39,-9999,7.89,0.84,N/A
N/A,EV_031_INC-D3,10.58052/IEWDR0241,Sediment, 2024-02-29,16.95,-9999,9.39,-9999,7.56,0.8,N/A
N/A,EV_031_INC-D3,10.58052/IEWDR0241,Sediment, 2024-03-05,16.12,-9999,9.39,-9999,6.73,0.72,N/A
N/A,EV_031_INC-D4,10.58052/IEWDR0241,Sediment, 2024-02-15,20.06,-9999,9.37,-9999,10.69,1.14,N/A
N/A,EV_031_INC-D4,10.58052/IEWDR0241,Sediment, 2024-02-16,19.78,-9999,9.37,-9999,10.41,1.11,N/A
N/A,EV_031_INC-D4,10.58052/IEWDR0241,Sediment, 2024-02-20,18.68,-9999,9.37,-9999,9.31,0.99,N/A
N/A,EV_031_INC-D4,10.58052/IEWDR0241,Sediment, 2024-02-23,18.11,-9999,9.37,-9999,8.74,0.93,N/A
N/A,EV_031_INC-D4,10.58052/IEWDR0241,Sediment, 2024-02-27,17.22,-9999,9.37,-9999,7.85,0.84,N/A
N/A,EV_031_INC-D4,10.58052/IEWDR0241,Sediment, 2024-02-29,16.64,-9999,9.37,-9999,7.27,0.78,N/A
N/A,EV_031_INC-D4,10.58052/IEWDR0241,Sediment, 2024-03-05,15.91,-9999,9.37,-9999,6.54,0.7,N/A
N/A,EV_031_INC-D5,10.58052/IEWDR0241,Sediment, 2024-02-15,20.09,-9999,9.39,-9999,10.7,1.14,N/A
N/A,EV_031_INC-D5,10.58052/IEWDR0241,Sediment, 2024-02-16,19.83,-9999,9.39,-9999,10.44,1.11,N/A
N/A,EV_031_INC-D5,10.58052/IEWDR0241,Sediment, 2024-02-20,18.99,-9999,9.39,-9999,9.6,1.02,N/A
N/A,EV_031_INC-D5,10.58052/IEWDR0241,Sediment, 2024-02-23,18.4,-9999,9.39,-9999,9.01,0.96,N/A
N/A,EV_031_INC-D5,10.58052/IEWDR0241,Sediment, 2024-02-27,17.54,-9999,9.39,-9999,8.15,0.87,N/A
N/A,EV_031_INC-D5,10.58052/IEWDR0241,Sediment, 2024-02-29,17.09,-9999,9.39,-9999,7.7,0.82,N/A
N/A,EV_031_INC-D5,10.58052/IEWDR0241,Sediment, 2024-03-05,16.29,-9999,9.39,-9999,6.9,0.74,N/A
N/A,EV_031_INC-W1,10.58052/IEWDR0241,Sediment, 2024-02-15,20.07,22.96,9.38,2.89,13.58,1.45,N/A
N/A,EV_031_INC-W1,10.58052/IEWDR0241,Sediment, 2024-02-16,22.71,22.97,9.38,0.26,13.59,1.45,N/A
N/A,EV_031_INC-W1,10.58052/IEWDR0241,Sediment, 2024-02-20,22.08,22.95,9.38,0.87,13.57,1.45,N/A
N/A,EV_031_INC-W1,10.58052/IEWDR0241,Sediment, 2024-02-23,22.23,22.95,9.38,0.72,13.57,1.45,N/A
N/A,EV_031_INC-W1,10.58052/IEWDR0241,Sediment, 2024-02-27,22.01,22.96,9.38,0.95,13.58,1.45,N/A
N/A,EV_031_INC-W1,10.58052/IEWDR0241,Sediment, 2024-02-29,22.41,22.96,9.38,0.55,13.58,1.45,N/A
N/A,EV_031_INC-W1,10.58052/IEWDR0241,Sediment, 2024-03-05,21.88,22.96,9.38,1.08,13.58,1.45,N/A
N/A,EV_031_INC-W2,10.58052/IEWDR0241,Sediment, 2024-02-15,20.06,22.98,9.37,2.92,13.61,1.45,N/A
N/A,EV_031_INC-W2,10.58052/IEWDR0241,Sediment, 2024-02-16,22.73,22.98,9.37,0.25,13.61,1.45,N/A
N/A,EV_031_INC-W2,10.58052/IEWDR0241,Sediment, 2024-02-20,22.14,22.98,9.37,0.84,13.61,1.45,N/A
N/A,EV_031_INC-W2,10.58052/IEWDR0241,Sediment, 2024-02-23,22.41,22.98,9.37,0.57,13.61,1.45,N/A
N/A,EV_031_INC-W2,10.58052/IEWDR0241,Sediment, 2024-02-27,22.07,22.98,9.37,0.91,13.61,1.45,N/A
N/A,EV_031_INC-W2,10.58052/IEWDR0241,Sediment, 2024-02-29,22.45,22.98,9.37,0.53,13.61,1.45,N/A
N/A,EV_031_INC-W2,10.58052/IEWDR0241,Sediment, 2024-03-05,21.59,22.98,9.37,1.39,13.61,1.45,N/A
N/A,EV_031_INC-W3,10.58052/IEWDR0241,Sediment, 2024-02-15,19.94,22.87,9.32,2.93,13.55,1.45,N/A
N/A,EV_031_INC-W3,10.58052/IEWDR0241,Sediment, 2024-02-16,22.64,22.87,9.32,0.23,13.55,1.45,N/A
N/A,EV_031_INC-W3,10.58052/IEWDR0241,Sediment, 2024-02-20,21.89,22.87,9.32,0.98,13.55,1.45,N/A
N/A,EV_031_INC-W3,10.58052/IEWDR0241,Sediment, 2024-02-23,22.17,22.86,9.32,0.69,13.54,1.45,N/A
N/A,EV_031_INC-W3,10.58052/IEWDR0241,Sediment, 2024-02-27,21.84,22.87,9.32,1.03,13.55,1.45,N/A
N/A,EV_031_INC-W3,10.58052/IEWDR0241,Sediment, 2024-02-29,22.37,22.87,9.32,0.5,13.55,1.45,N/A
N/A,EV_031_INC-W3,10.58052/IEWDR0241,Sediment, 2024-03-05,21.88,22.87,9.32,0.99,13.55,1.45,N/A
N/A,EV_031_INC-W4,10.58052/IEWDR0241,Sediment, 2024-02-15,20.03,22.93,9.36,2.9,13.57,1.45,N/A
N/A,EV_031_INC-W4,10.58052/IEWDR0241,Sediment, 2024-02-16,22.73,22.93,9.36,0.2,13.57,1.45,N/A
N/A,EV_031_INC-W4,10.58052/IEWDR0241,Sediment, 2024-02-20,22.32,22.93,9.36,0.61,13.57,1.45,N/A
N/A,EV_031_INC-W4,10.58052/IEWDR0241,Sediment, 2024-02-23,22.22,22.93,9.36,0.71,13.57,1.45,N/A
N/A,EV_031_INC-W4,10.58052/IEWDR0241,Sediment, 2024-02-27,21.85,22.93,9.36,1.08,13.57,1.45,N/A
N/A,EV_031_INC-W4,10.58052/IEWDR0241,Sediment, 2024-02-29,22.35,22.93,9.36,0.58,13.57,1.45,N/A
N/A,EV_031_INC-W4,10.58052/IEWDR0241,Sediment, 2024-03-05,21.44,22.93,9.36,1.49,13.57,1.45,N/A
N/A,EV_031_INC-W5,10.58052/IEWDR0241,Sediment, 2024-02-15,19.97,22.87,9.33,2.9,13.54,1.45,N/A
N/A,EV_031_INC-W5,10.58052/IEWDR0241,Sediment, 2024-02-16,22.59,22.87,9.33,0.28,13.54,1.45,N/A
N/A,EV_031_INC-W5,10.58052/IEWDR0241,Sediment, 2024-02-20,22.07,22.87,9.33,0.8,13.54,1.45,N/A
N/A,EV_031_INC-W5,10.58052/IEWDR0241,Sediment, 2024-02-23,22.29,22.87,9.33,0.58,13.54,1.45,N/A
N/A,EV_031_INC-W5,10.58052/IEWDR0241,Sediment, 2024-02-27,22.11,22.87,9.33,0.76,13.54,1.45,N/A
N/A,EV_031_INC-W5,10.58052/IEWDR0241,Sediment, 2024-02-29,22.39,22.87,9.33,0.48,13.54,1.45,N/A
N/A,EV_031_INC-W5,10.58052/IEWDR0241,Sediment, 2024-03-05,21.97,22.87,9.33,0.9,13.54,1.45,N/A
#End_Data,,,,,,,,,,,
